rep_class	rep_count	adj_r2	F	numdf	dendf	beta_Estimate	beta_std_error	t_value	p_value	arm_lower	arm_mean	arm_upper	center_lower	center_mean	center_upper	arm_cen_effect_size_lower	arm_cen_effect_size	arm_cen_effect_size_upper	percent_genome_repeat	repeat_total_bp	p_adjust	p_sig	species
Gypsy	9879	0.0213474364058095	230.473706342059	1	10519	338.556015409843	22.3007691321232	15.181360490485	1.64861990488342e-51	142.299717536757	153.38851929291	164.477321049064	51.9423999463324	57.9878326996198	64.0332654529071	0.250306909209824	0.288726310916107	0.327145712622391	1.03986577791871	1111993	3.46210180025518e-50	TRUE	briggsae
Helitron	28658	0.0203996128910625	220.072930592986	1	10519	453.818693701233	30.5913799453647	14.8348552602642	2.74155489248898e-49	356.402174404724	369.62516631819	382.848158231656	236.345073395054	247.563117870722	258.781162346391	0.23067493787415	0.269068272622715	0.30746160737128	3.03618405010726	3246780	2.87863263711343e-48	TRUE	briggsae
hAT	7279	0.0175665853998868	189.104838109594	1	10519	238.631939792061	17.3531072731268	13.7515394814397	1.16501511230749e-42	135.013485438003	143.485268960274	151.957052482545	60.7811671848156	65.7041825095057	70.6271978341958	0.264984806226337	0.303424886455981	0.341864966685625	1.02909954584605	1100480	8.15510578615243e-42	TRUE	briggsae
PiggyBac	8007	0.0107067875376676	114.854419981228	1	10519	172.439047297657	16.0902117042772	10.7170154418676	1.16243205664639e-26	116.336356873096	123.6329595134	130.929562153705	72.0425499770023	77.5053231939164	82.9680964108304	0.155129295938607	0.193439358248089	0.231749420557572	0.989478727059746	1058111	6.10276829739355e-26	TRUE	briggsae
Mutator	9609	0.010106324839578	108.403996995062	1	10519	200.635170559527	19.2701199380832	10.4117240164663	2.90773529916837e-25	147.366566181196	156.800988405246	166.235410629296	87.3950236168449	92.8448669201521	98.2947102234593	0.186031317963816	0.224372168989702	0.262713020015589	1.22810978751303	1313294	1.22124882565072e-24	TRUE	briggsae
ERV	256	0.00589537356601688	63.3871253239936	1	10519	-5.74293440741727	0.721328892155287	-7.96160318805161	1.87327379074376e-15	0.239603173751268	0.382246721155674	0.52489026856008	1.71937405265582	2.10190114068441	2.484428228713	-0.199305623033732	-0.161022954787792	-0.122740286541851	0.0122194349425435	13067	6.55645826760316e-15	TRUE	briggsae
tRNA	179	0.00278994084464113	30.4322920393372	1	10519	10.4734204468262	1.8985463613591	5.51654711203823	3.53908097998729e-08	2.2429094942204	3.29424063866185	4.3455717831033	0.152110232252605	0.375095057034221	0.598079881815836	0.0655715411004759	0.103818060000038	0.1420645788996	0.0180518842986807	19304	1.06172429399619e-07	TRUE	briggsae
Copia	54	0.00168333961054534	18.7385927787975	1	10519	2.57822120256704	0.595595885537912	4.32880962607477	1.51304380935132e-05	0.475240917022559	0.750047519482988	1.02485412194342	-0.0395961120257558	0.155893536121673	0.351383184269102	0.029110724093334	0.067342336377441	0.105573948661548	0.00445686285575592	4766	3.97173999954721e-05	TRUE	briggsae
Sola	22	0.00150815075457511	16.8897100162814	1	10519	0.85038064944786	0.206919906085141	4.10970923743778	3.99163383441103e-05	0.136018467787529	0.252233415700437	0.368448363613345	-0.00712094901248362	0.00741444866920152	0.0219498463508867	0.041659409230807	0.079895435202832	0.118131461174857	0.00127739711728128	1366	9.3138122802924e-05	TRUE	briggsae
Tc1-Mariner	56651	0.000797329944460468	9.39460428509332	1	10519	156.242052896224	50.9751709335542	3.0650618729633	0.00218176338353402	836.327953282152	858.018057403535	879.708161524919	810.888721691159	829.930988593156	848.973255495153	-0.0010268871272489	0.0371971985870362	0.0754212843013213	8.30352077670982	8879470	0.00458170310542144	TRUE	briggsae
Kolobok	14	0.000630286505710842	7.63479586237905	1	10519	5.98984206882333	2.16778724678099	2.76311343639364	0.00573523729612558	0.273938101172906	1.50104542862574	2.72815275607857	0	0	0	0.00852807925315214	0.0467540813168828	0.0849800833806135	0.00738477674609829	7897	0.0109490893835125	TRUE	briggsae
Jockey	7073	0.00046082955926674	5.85016206153153	1	10519	48.2069379188484	19.9308397653626	2.41871082635596	0.0155924794539193	91.2861442953562	99.2915795476145	107.297014799873	73.5854042111131	81.5325095057034	89.4796148002938	0.0219504999469345	0.0601799309389604	0.0984093619309863	0.889534091844759	951234	0.0272868390443588	TRUE	briggsae
CACTA	500	0.000126113920169368	2.32688577894996	1	10519	11.7145119090365	7.67956579404523	1.52541331413815	0.127186103957719	9.24617693651221	12.0937084204524	14.9412399043926	5.05414558001114	8.33878326996198	11.6234209599128	-0.00520490931560501	0.0330184755509811	0.0712418604175672	0.100515068773948	107487	0.205454475624008	FALSE	briggsae
DIRS	188	6.12254135919921e-05	1.64413078816266	1	10519	12.3327576490388	9.61816041774479	1.28223663501035	0.199787905528842	7.39218365922205	11.6806690743205	15.9691544894189	2.68262063886062	6.03574144486692	9.38886225087322	0.00141230018979047	0.0396368336358942	0.0778613670819978	0.0871547667134812	93200	0.299681858293263	FALSE	briggsae
I	44	2.37642712928032e-05	1.25000607521386	1	10519	3.06820592879952	2.74428014147805	1.11803670566483	0.263576849788523	-0.052163428241073	1.46398023189508	2.98012389203123	0.154703773716805	0.492395437262357	0.83008710080791	-0.0143143942489	0.0239077517574962	0.0621298977638925	0.0096244298177591	10292	0.369007589703932	FALSE	briggsae
R2	220	-1.71909514035118e-05	0.819154300146125	1	10519	2.73761072391256	3.02474547522015	0.905071433725612	0.36544827331397	1.68286457626648	2.23588671355256	2.78890885083863	0.487908796232313	2.10855513307985	3.72920146992738	-0.035378224076984	0.0028425758648372	0.0410633758066584	0.021371620584441	22854	0.479650858724586	FALSE	briggsae
Penelope	5	-5.26751463041375e-05	0.44588664888323	1	10519	0.492730078357323	0.737898861061689	0.667747443936128	0.504309469098014	-0.129475313869791	0.288158144839384	0.705791603548559	0	0	0	-0.011850394090646	0.0263720478865078	0.0645944898636616	0.00141766766456693	1516	0.615786267873288	FALSE	briggsae
PIF-Harbinger	11	-5.71687176256219e-05	0.398619470732455	1	10519	-0.380660243385456	0.602918023627668	-0.631363184492446	0.527816801034247	-0.0471430793903768	0.181524425014256	0.410191929418888	-0.0463391843601328	0.207034220532319	0.460407625424772	-0.0410778785935688	-0.00285707845429015	0.0353637216849885	0.0019114199910124	2044	0.615786267873288	FALSE	briggsae
Bel-Pao	268	-7.63383823123576e-05	0.196981519207249	1	10519	4.77114366754617	10.7500318959866	0.443826001049115	0.657177517392387	8.52327863702537	13.2911993917506	18.0591201464759	4.10839923345071	7.88802281368821	11.6676463939257	-0.00427827313533953	0.0339452599719719	0.0721687930792834	0.10418922197585	111416	0.726354098170533	FALSE	briggsae
Maverick	454	-9.43402530182436e-05	0.00763415829248526	1	10519	-1.88484813166375	21.5722668097941	-0.0873736704762063	0.930376160370195	16.6504201251637	25.9501995818285	35.2499790384934	14.4441795735259	22.3576045627376	30.2710295519494	-0.0269750218628573	0.0112460608963756	0.0494671436556085	0.237641685526431	254125	0.976894968388705	FALSE	briggsae
Merlin	1336	-9.50296325805677e-05	0.000383258464839852	1	10519	-0.168637521134182	8.6140687159241	-0.0195769881452694	0.984381192419237	21.1130830977676	24.6080593043148	28.103035510862	22.1121353368857	25.5123574144487	28.9125794920116	-0.045309937850985	-0.00708903716364565	0.0311318635236937	0.246556346374925	263658	0.984381192419237	FALSE	briggsae
Helitron	7202	0.06251261770519	669.743979711716	1	10028	946.942555430604	36.5905742124089	25.8794122752375	5.24691067860507e-143	308.545674926601	327.780502392344	347.015329858088	41.2120099990243	48.8125249301955	56.4130398613666	0.488174168662535	0.52799572359646	0.567817278530385	1.85287639944357	1888893	1.20678945607917e-141	TRUE	elegans
PiggyBac	6982	0.0543266695333515	577.142047361246	1	10028	412.700037724385	17.1788129408971	24.0237808714874	4.80436933891016e-124	163.821675266684	172.849681020734	181.877686774784	43.9789780624673	47.5085759872357	51.0381739120041	0.466388362781854	0.506155560355911	0.545922757929967	1.08414810153133	1105222	5.52502473974668e-123	TRUE	elegans
hAT	5545	0.0522756240363582	554.190618240202	1	10028	236.296030395427	10.0375296495034	23.5412535401196	2.55662965164879e-119	94.8282439291677	99.795653907496	104.763063885824	29.9758768042495	32.7445153570004	35.5131539097513	0.421887738167052	0.461550845924286	0.501213953681519	0.652080718065296	664756	1.96008273293074e-118	TRUE	elegans
Tc1-Mariner	13032	0.0206979316501936	212.966831510505	1	10028	438.641422203088	30.0575553971398	14.5933831413591	9.53623442697532e-48	305.058953723214	318.796052631579	332.533151539944	173.424274925817	183.41902672517	193.413778524522	0.272578342692244	0.31196106202031	0.351343781348376	2.47071767105924	2518744	5.48333479551081e-47	TRUE	elegans
Jockey	5941	0.0179139871540207	183.936499265519	1	10028	402.345817782358	29.6664467876202	13.5623190961398	1.55524354692843e-41	158.553662957342	173.352671451356	188.151679945369	45.2690680787832	53.1806940566414	61.0923200344996	0.24099170726631	0.280328838663514	0.319665970060718	1.11452071234411	1136185	7.15412031587078e-41	TRUE	elegans
tRNA	472	0.00909865861665693	93.0883275211459	1	10028	27.3567881145605	2.83542061721278	9.64822924277535	6.22749854907572e-22	10.0272042938644	11.450956937799	12.8747095817336	2.82167702484456	3.56242520941364	4.30317339398272	0.153172837749257	0.192408646678429	0.231644455607602	0.0738642119368863	75300	2.38720777714569e-21	TRUE	elegans
PIF-Harbinger	727	0.00551780530871382	56.6451083151568	1	10028	63.0108682296251	8.37209712632362	7.52629446109813	5.66890063913619e-14	19.5130083673913	24.0909090909091	28.6688098144268	0.310215414480626	1.50498603909055	2.69975666370047	0.147630713089233	0.186861386160415	0.226092059231597	0.125937990886176	128386	1.86263878143046e-13	TRUE	elegans
CACTA	516	0.00402776039679342	41.55776598305	1	10028	94.7466453322222	14.6973063057492	6.44653131405174	1.19704444094478e-10	21.7633204659057	29.5643939393939	37.3654674128822	4.77319485489835	7.67949740725967	10.585799959621	0.0637332628267263	0.102904500246313	0.1420757376659	0.183238177819527	186800	3.44150276771624e-10	TRUE	elegans
Gypsy	972	0.00170370573364687	18.1156247908356	1	10028	73.4726494978476	17.2623152155189	4.2562453865861	2.09779922372561e-05	25.2436244056203	33.2878787878788	41.3321331701373	10.0495804284681	15.6011168727563	21.1526533170445	0.0316828035606343	0.0708404177760719	0.109998031991509	0.240520707969147	245196	5.36104246063211e-05	TRUE	elegans
Merlin	421	0.00129365416669336	13.9908633222347	1	10028	8.36429322790423	2.23618120301036	3.74043624758324	0.000184724789588215	5.91320106965982	6.87101275917065	7.82882444868149	4.14077348892167	4.96888711607499	5.79700074322831	0.0196585624461572	0.0588123622962589	0.0979661621463607	0.0582467867277606	59379	0.000424867016052894	TRUE	elegans
Bel-Pao	741	0.00102490495845031	11.2893174007214	1	10028	104.054536834526	30.9689997608321	3.35995794627274	0.000782451259940818	43.9861468956002	58.2681419457735	72.5501369959469	13.0093704367962	23.1679297965696	33.3264891563431	0.0392409098581378	0.0784012838271859	0.117561657796234	0.40064909868348	408437	0.00163603445260353	TRUE	elegans
RTE	501	0.000646927745978187	7.49223837355394	1	10028	31.0020548846869	11.3262120317525	2.73719534808056	0.00620746917541096	13.9032620084152	19.1935805422648	24.4838990761143	8.71502444188979	12.3382528919027	15.9614813419156	0.0027035002217866	0.041853123919993	0.0810027476181994	0.155123673459326	158139	0.011897649252871	TRUE	elegans
Sola	54	0.000627034694104855	7.29247654828566	1	10028	0.607690048622527	0.225032167822752	2.70045858110907	0.00693602128615591	0.196438115436898	0.310207336523126	0.423976557609354	0.0187948602465134	0.0759872357399282	0.133179611233343	0.0328456217037217	0.0720036423132315	0.111161662922741	0.00190006611582668	1937	0.0122714222755066	TRUE	elegans
L1	100	0.000516893113888806	6.18660195802817	1	10028	17.0920638904151	6.87176691595773	2.48728807298798	0.012888241314867	3.37958044829642	7.22886762360447	11.0781547989125	-0.175717833488885	0.372556840845632	0.920831515180149	0.0298666890381282	0.06902368177608	0.108180674514032	0.0374009916697158	38128	0.0211735393029958	TRUE	elegans
Maverick	66	0.000365621627004931	4.66816045602784	1	10028	21.7484774578716	10.0659778655931	2.16059261685951	0.0307504293579223	1.8363524610436	6.63696172248804	11.4375709839325	-0.50111470966892	2.56920622257678	5.63952715482249	-0.0112030513613013	0.0279441973673235	0.0670914460959484	0.0452925930645664	46173	0.0471506583488142	TRUE	elegans
Copia	5	0.000313614484154789	4.1462263637473	1	10028	-0.84044929190503	0.41274803203143	-2.03622846550854	0.0417536410309487	0	0	0	-0.0390590189924636	0.194654966094934	0.428368951182332	-0.0717616271870903	-0.0326136866671667	0.00653425385275689	0.000957390051134144	976	0.0600208589819888	FALSE	elegans
Mutator	3115	0.000258882084549494	3.59700074291351	1	10028	39.2370515227413	20.688361725307	1.89657605777188	0.0579126236323497	57.3516449992131	66.4078947368421	75.4641444744711	47.3712182608325	54.7959712804148	62.2207242999972	-0.000331000597433496	0.0388180241280517	0.0779670488535369	0.596258796303113	607849	0.0783523731496496	FALSE	elegans
ERV	91	9.34554488375428e-05	1.93735229707151	1	10028	-10.956867207092	7.87194583575925	-1.39188803323813	0.163987175309325	0.384766432556858	0.736842105263158	1.08891777796946	0.214655555238638	4.65755883526127	9.1004621152839	-0.0735957072245662	-0.0344474658563401	0.00470077551188606	0.0265332412839421	27049	0.209539168450804	FALSE	elegans
R2	99	4.32490072418412e-05	1.4337630534501	1	10028	9.75030376537248	8.14290660477553	1.19739845224975	0.231179589705372	1.80971790881941	6.25019936204147	10.6906808152635	0.148489022126083	1.38013562026326	2.61178221840044	0.00221885220865502	0.0413683772190622	0.0805179022294694	0.0375412650071258	38271	0.279848977011766	FALSE	elegans
Penelope	2	2.17095668375578e-06	1.02177257184883	1	10028	0.0904308769208368	0.0894622099258565	1.01082766674088	0.312123307559058	-0.0141473342621378	0.0364832535885167	0.0871138414391713	0	0	0	-0.0109422626188305	0.0282050219384804	0.0673523064957913	0.000179510634587652	183	0.358941803692917	FALSE	elegans
I	46	-1.58987360956431e-05	0.840554110685857	1	10028	1.55833292505348	1.69972009345431	0.916817381317479	0.359260390664369	0.692695494206303	1.29704944178628	1.90140338936626	0.262183702436831	1.0109692859992	1.75975486956157	-0.0275057250823526	0.0116399446912892	0.0507856144649311	0.0113542928707763	11575	0.38187986882924	FALSE	elegans
Kolobok	6	-1.79736701941824e-05	0.819745301460918	1	10028	0.325542090919031	0.359556943981704	0.90539786914975	0.365276396271447	-0.0300339367525695	0.173444976076555	0.37692388890568	0	0	0	-0.00578328940037446	0.0333647723529148	0.0725128341062041	0.000853411213613427	870	0.38187986882924	FALSE	elegans
DIRS	10	-8.96369110274797e-05	0.10111199284994	1	10028	0.0718867954139758	0.226072527049105	0.317981120272793	0.750505879269382	-0.0044658765337106	0.0919059011164274	0.188277678766565	-0.00402421778877032	0.0801755085759872	0.164375234940745	-0.0355568553260124	0.00358851447126777	0.0427338842685479	0.000846544686607342	863	0.750505879269382	FALSE	elegans
hAT	17959	0.0297042050769559	377.577357712464	1	12300	445.753611881077	22.939920020865	19.4313498685105	7.28166529840468e-83	253.221816474479	263.803121443668	274.384426412856	120.934182834093	128.423020647049	135.911858460006	0.333515576412549	0.369160763964485	0.404805951516422	1.96153992001713	2412583	1.45633305968094e-81	TRUE	inopinata
Bel-Pao	5313	0.0127032709361584	159.273527284805	1	12300	-706.347151503756	55.9688520084248	-12.6203616146608	2.73636432391492e-36	120.69155752197	136.546902942611	152.402248363252	273.964028293804	301.47228092993	328.980533566056	-0.219036541438994	-0.183616735019067	-0.14819692859914	2.19055290481019	2694256	2.73636432391492e-35	TRUE	inopinata
Tc1-Mariner	65393	0.0090429620295569	113.252571668901	1	12300	-752.701899944119	70.7292374754359	-10.6420191537556	2.47279861216544e-26	898.685663168153	924.667696309543	950.649729450934	1079.45575286428	1109.97967810112	1140.50360333796	-0.198822967930383	-0.163418616871303	-0.128014265812224	10.1753596198121	12515116	1.64853240811029e-25	TRUE	inopinata
Jockey	5165	0.00566684641431103	71.1051528766432	1	12300	-138.412587472007	16.4144014234791	-8.4323871398699	3.76267834167713e-17	54.5875535698821	58.7808486424972	62.9741437151122	84.8338370261659	93.1324987806861	101.431160535206	-0.165981210542435	-0.130598147577079	-0.0952150846117231	0.759725228322709	934419	1.88133917083856e-16	TRUE	inopinata
Helitron	4713	0.00316284967792613	40.0296588320349	1	12300	103.205554513329	16.3121845884507	6.32689962240866	2.58814169993924e-10	81.9637195931443	89.5311331490815	97.0985467050186	50.0688355751437	55.3505121118517	60.6321886485597	0.0955449168927943	0.130928170320272	0.16631142374775	0.724559381336064	891167	1.0352566799757e-09	TRUE	inopinata
PiggyBac	397	0.00226229637283037	28.8916067629978	1	12300	41.8330427922795	7.78275944630257	5.37509132601465	7.79416716667098e-08	9.17119122885289	13.4353763615672	17.6995614942816	1.46518693776524	2.5748658754674	3.68454481316956	0.051766487001949	0.0871286581994438	0.122490829396939	0.0800679146721033	98479	2.59805572222366e-07	TRUE	inopinata
Gypsy	8588	0.00144732701696881	18.8293745712449	1	12300	-178.490757554137	41.1337008552051	-4.33928272543342	1.44089424718522e-05	170.92713121205	186.629328564461	202.331525916872	205.601314729291	222.804259470005	240.007204210718	-0.0902534632413754	-0.0549014002181028	-0.0195493371948301	2.04759510226552	2518426	4.11684070624349e-05	TRUE	inopinata
Mutator	2329	0.000916883819719772	12.2889385114355	1	12300	32.2797901616674	9.20817400080609	3.50555823107183	0.000457273393622067	35.6406317568688	39.6176231507072	43.5946145445456	24.5812989461967	27.9478133636807	31.3143277811647	0.0438098186332984	0.0791690670109874	0.114528315388676	0.337897673596937	415595	0.00114318348405517	TRUE	inopinata
R2	53	0.00051572174064296	7.34716650340576	1	12300	-6.60301165975354	2.43602714355376	-2.71056571648904	0.00672617104237818	0.419160297006089	1.26808649000163	2.11701268299716	0.892864144181239	1.97984067631279	3.06681720844435	-0.0535883888676816	-0.018242248637961	0.0171038915917595	0.016243024394229	19978	0.0149470467608404	TRUE	inopinata
Sola	306	0.000416753018100624	6.12861624195317	1	12300	-15.4456159530155	6.23912976214718	-2.47560421755036	0.0133144573723841	8.67945340995715	10.9596813526256	13.239909295294	11.4289292213638	14.1261583482361	16.8233874751084	-0.0670389737425007	-0.031691350035262	0.00365627367197661	0.125455370562755	154303	0.0266289147447682	TRUE	inopinata
DIRS	815	0.000321992523097614	4.96210579506416	1	12300	-19.0514325488409	8.55253042336976	-2.22757845991205	0.0259266578101348	8.42099360791509	11.0785238172655	13.7360540266159	11.4314701924262	15.478133636807	19.5247970811878	-0.0674717159444089	-0.0321240312443451	0.00322365345571861	0.132810993833082	163350	0.0471393778366087	TRUE	inopinata
RTE	48193	0.000302849945396644	4.72648574432772	1	12300	-110.722102986317	50.9290001085558	-2.17404823873062	0.0297205156936298	543.777803482563	562.218988782312	580.660174082061	550.014074644508	572.177206958218	594.340339271929	-0.0475548222736985	-0.0122090878866395	0.0231366465004195	5.67316449433899	6977671	0.0495341928227163	TRUE	inopinata
Maverick	1099	0.000175208041009123	3.15561179297133	1	12300	-23.5176780648366	13.2389229859723	-1.77640417500392	0.0756910362311325	19.9565533845435	25.0832384978052	30.209923611067	26.1290812736347	31.5945374735815	37.0599936735284	-0.066062633575737	-0.0307151444414035	0.00463234469293008	0.283448011784868	348625	0.116447748047896	FALSE	inopinata
Merlin	524	2.57924562235834e-05	1.3172811874657	1	12300	-3.85157732394279	3.35582555063757	-1.14772870812997	0.251102898342107	6.21088586568134	7.45927491464802	8.70766396361471	7.08861378626097	8.52024061128272	9.95186743630447	-0.0550905754528205	-0.0197443091795713	0.0156019570936779	0.0799142490594038	98290	0.35871842620301	FALSE	inopinata
Penelope	14	-3.80949689733345e-05	0.531411637516908	1	12300	0.205126664249711	0.281388657310877	0.728979860844524	0.466027861440199	0.00834425436272876	0.143879044057877	0.279413833753025	0.000722634527743432	0.0843765241424159	0.168030413757088	-0.0221398015595711	0.0132059887970627	0.0485517791536966	0.00114151598005294	1404	0.621370481920265	FALSE	inopinata
L1	9	-4.57124773880491e-05	0.43771651901759	1	12300	-0.500595197207719	0.756641591580508	-0.661601480513452	0.50823905183471	-0.00594870998730978	0.0308892862949114	0.0677272825771326	-0.0112627757488623	0.415379613071045	0.842022001890953	-0.0670859720774596	-0.031738341786068	0.00360928850532354	0.00223181008920606	2745	0.635298814793387	FALSE	inopinata
PIF-Harbinger	376	-5.44499681205401e-05	0.330247410154716	1	12300	4.24208998018904	7.38176416281648	0.574671567205757	0.565523950470775	6.34664314090282	9.48317346772883	12.6197037945548	5.95356199219738	8.71403023898553	11.4744984857737	-0.0288384269706533	0.00650707166430536	0.0418525702992641	0.0910050036775677	111931	0.639465541526674	FALSE	inopinata
tRNA	27	-5.5807373654515e-05	0.313551805547583	1	12300	0.266794484869627	0.476455335523397	0.559956967585528	0.575518987374007	0.00125014093531101	0.25264184685417	0.504033552773029	-0.00184471328293337	0.0957567875142253	0.193358288311384	-0.014781804843044	0.020564534465947	0.0559108737749379	0.00174235665616342	2143	0.639465541526674	FALSE	inopinata
I	3	-6.52102837319646e-05	0.197900604941957	1	12300	0.200587421636222	0.450899895938191	0.444860208314881	0.656428608211378	-0.106480012963205	0.110876280279629	0.328232573522463	-0.0464658997535925	0.0873028775808812	0.221071654915355	-0.0320804428897793	0.00326498575730718	0.0386104144043937	0.000991102549632855	1219	0.690977482327766	FALSE	inopinata
CACTA	128	-7.74768809796988e-05	0.0470307201563551	1	12300	1.09010531050565	5.02663835668858	0.216865673070578	0.828316626616333	3.40850495786375	5.57063892050073	7.73277288313772	3.17809101137458	5.02747520728337	6.87685940319215	-0.0285971678662756	0.00674833783350739	0.0420938435332904	0.0530016276521872	65189	0.828316626616333	FALSE	inopinata
hAT	10581	0.00919449272063011	110.362630623806	1	11784	245.604540953206	23.3789698151083	10.5053619939441	1.05993632179504e-25	164.057480065644	175.366304716661	186.675129367678	100.492401966186	107.37304820095	114.253694435714	0.149296241159039	0.185484804330695	0.221673367502352	1.39091540167526	1666251	2.33185990794909e-24	TRUE	nigoni
Helitron	21202	0.00460007846753829	55.4624563125121	1	11784	207.027064648891	27.7988976576957	7.44731201927998	1.01901526537392e-13	275.91036426572	286.765863590092	297.621362914464	231.389135054965	242.804141208418	254.219147361872	0.0646544471515516	0.100788363935128	0.136922280718704	2.6051109860088	3120800	1.12091679191131e-12	TRUE	nigoni
Jockey	11283	0.00417660462948943	50.4277256262097	1	11784	212.992521400524	29.9936738143724	7.10124817382198	1.30744814425564e-12	161.208939009585	174.824737020699	188.440535031813	109.893518569595	120.046503733876	130.199488898158	0.0803295699786804	0.116471170993085	0.15261277200749	1.4505838627365	1737731	9.58795305787469e-12	TRUE	nigoni
PiggyBac	7054	0.00382785448960432	46.284608050224	1	11784	117.955009606097	17.3379639307565	6.80327921301369	1.07214473904569e-11	90.7148493218248	98.3829317950458	106.051014268267	54.9531228183308	61.0714528173795	67.1897828164281	0.101202294832187	0.13735584797892	0.173509401125654	0.784423226023596	939702	5.89679606475129e-11	TRUE	nigoni
Gypsy	5075	0.00298419285261786	36.2739771185035	1	11784	156.524506583325	25.9887119793396	6.02278815155434	1.76548853739193e-09	87.3703608766964	98.6896844248388	110.009007972981	46.5395793554228	55.9383910386965	65.3372027219703	0.0688005692503312	0.104936410731972	0.141072252213612	0.760686063758105	911266	7.76814956452449e-09	TRUE	nigoni
Tc1-Mariner	61607	0.00199790240779718	24.5924152190633	1	11784	262.990015963972	53.0320810817366	4.95907402839112	7.18170259334089e-07	851.82352910505	874.23617237869	896.648815652331	816.218027181203	836.222165648337	856.226304115471	0.00958234045935286	0.0456980507645373	0.0818137610697217	8.41416206047517	10079769	2.63329095089166e-06	TRUE	nigoni
CACTA	633	0.00098934655916838	12.6709958593962	1	11784	14.684425821656	4.12526256019722	3.55963423112491	0.000372833425724452	7.87853643543392	9.84238208347472	11.8062277315155	4.35544045100191	5.61846571622539	6.88149098144887	0.0292065626483817	0.0653271905879953	0.101447818527609	0.0760589231896282	91115	0.00117176219513399	TRUE	nigoni
tRNA	247	0.000951476233224557	12.2238266128206	1	11784	3.17840032384131	0.909086075584892	3.49625894533295	0.000473567126069507	1.41301578696516	1.85476756023074	2.29651933349633	0.682858656455043	0.946707399864223	1.2105561432734	0.0276088114534007	0.06372897399892	0.0998491365444393	0.0137818451611783	16510	0.00130230959669114	TRUE	nigoni
Merlin	1065	0.000392867252512863	5.63176023778421	1	11784	-13.5788044040504	5.72188933427855	-2.37313300044145	0.0176538586112372	11.3782234406771	13.3827621309807	15.3873008212842	15.6202536423736	18.1639511201629	20.7076485979522	-0.0894360509272421	-0.0533186378778747	-0.0172012248285073	0.155181406145551	185900	0.0431538766052465	TRUE	nigoni
RTE	145	0.000231037476743801	3.72340587224732	1	11784	2.83254132439331	1.46793242915583	1.92961288144729	0.0536787986743468	0.923622179516864	1.69545300305395	2.46728382659104	0.528965088058406	0.836388323150034	1.14381155824166	0.0012245328890876	0.0373386767454396	0.0734528206017915	0.01245541560569	14921	0.118093357083563	FALSE	nigoni
ERV	1	0.000142499873433621	2.67960035125382	1	11784	-0.174113106581169	0.106364438400878	-1.63694848766044	0.101667935826755	0	0	0	-0.0295021017593065	0.0307196198234895	0.0909413414062854	-0.0545373147559071	-0.0184255511078385	0.0176862125402301	0.000151091094740961	181	0.20333587165351	FALSE	nigoni
DIRS	72	9.26139696941775e-05	2.09155672624836	1	11784	8.34581561027553	5.77077260460259	1.44622153429147	0.148141671551518	1.98236800115866	4.62945368171021	7.27653936226177	0.28783485609506	2.20145960624576	4.11508435639645	-0.00926868211597897	0.026843941613969	0.0629565653439169	0.0336048298397065	40257	0.261611644899059	FALSE	nigoni
Sola	28	8.71063423565355e-05	2.02663767132477	1	11784	3.5652934665425	2.50442037149162	1.42360024983307	0.154588699258535	0.154213083784704	1.57142857142857	2.98864405907244	0	0	0	0.00392308619490109	0.0400377013475811	0.0761523165002612	0.00773152331210378	9262	0.261611644899059	FALSE	nigoni
PIF-Harbinger	10	4.13572467121703e-05	1.48741531065946	1	11784	-0.777147196563183	0.637216717258722	-1.2195963720262	0.222642331622358	-0.0646370328941981	0.18476416694944	0.434165366793078	-0.00636425593132789	0.254243041412084	0.514850338755496	-0.0430673196720632	-0.00695621303763062	0.0291548935968019	0.00215951747013739	2587	0.349866521120848	FALSE	nigoni
R2	418	-3.77157655040428e-06	0.955552137993544	1	11784	-7.09183389591491	7.25489883386928	-0.977523471837663	0.328330130224577	2.12528942340681	3.12945368171021	4.13361794001361	3.08679161394032	7.06890699253225	11.0510223711242	-0.0707621881120032	-0.0346484812976156	0.00146522551677192	0.0501647477262877	60095	0.481550857662713	FALSE	nigoni
Mutator	4716	-2.08516117856661e-05	0.754268878996676	1	11784	8.79763259587418	10.1298432838653	0.86848654508673	0.385145721764351	55.5361094588904	59.7989480827961	64.0617867067017	57.066244388812	60.9012219959267	64.7361996030414	-0.0430534730898516	-0.00694236688974679	0.029168739310358	0.593750438247651	711285	0.529575367425983	FALSE	nigoni
Kolobok	22	-3.24412846832711e-05	0.617691862574237	1	11784	0.938218437175161	1.19376275004879	0.78593375202637	0.431922102308873	0.0922560965369587	0.582117407533084	1.07197871852921	0.187796827582238	0.653258655804481	1.11872048402672	-0.0399131420116665	-0.00380211196138502	0.0323089180888964	0.00607703408681878	7280	0.558958014752659	FALSE	nigoni
Penelope	27	-6.3206893011758e-05	0.255153845268638	1	11784	0.875433887778413	1.73309470405005	0.505127553464112	0.613478696494175	0.183835480743707	1.11197828299966	2.04012108525562	-0.00539130195768589	0.311608961303462	0.628609224564611	-0.00664550280718368	0.0294674543318212	0.065580411470826	0.00700361483357274	8390	0.735980728993852	FALSE	nigoni
Copia	48	-6.71455283083322e-05	0.208743078251373	1	11784	-0.497900917462261	1.08977511045126	-0.456884097174956	0.64776277660317	0.502533067846113	0.928401764506278	1.35427046116644	0.548456734927921	0.994738628649016	1.44102052237011	-0.0399947439047287	-0.00388371243897213	0.0322273190267845	0.009460305948615	11333	0.735980728993852	FALSE	nigoni
Maverick	561	-6.93559269075994e-05	0.182697086196391	1	11784	-3.12640932486308	7.31442223406244	-0.427430796967633	0.669073389994411	11.020572926139	13.9521547336274	16.8837365411158	10.7115461748538	13.6352681602172	16.5589901455807	-0.0333469200816434	0.00276409458573329	0.03887510925311	0.135709019587416	162573	0.735980728993852	FALSE	nigoni
Bel-Pao	2168	-8.19099656490518e-05	0.0347701167719647	1	11784	-7.55749956835986	40.5298555997864	-0.186467468401237	0.852081397695305	68.8118881024995	84.447234475738	100.082580848977	71.8335617656054	88.622539035981	105.411516306357	-0.042683840915174	-0.00657274598949534	0.0295383489361833	0.851365763325567	1019896	0.892656702347462	FALSE	nigoni
I	9	-8.39521938575949e-05	0.0107064487525627	1	11784	0.0640556891153567	0.619063197368558	0.103471970854732	0.917590154867555	-0.0505530523531238	0.0826263997285375	0.215805851810199	-0.055143598894795	0.269008825526137	0.593161249947069	-0.0553215864001881	-0.0192097561428048	0.0169020741145785	0.00172961739394073	2072	0.917590154867555	FALSE	nigoni
Tc1-Mariner	21136	0.0548514704028076	725.738113576912	1	12487	707.043917470941	26.2455951122019	26.9395269738893	1.99856106345457e-155	336.9083347922	348.933077169388	360.957819546577	139.509790223631	148.257408297293	157.005026370954	0.437857794374767	0.473425544978307	0.508993295581847	2.46223866170993	3105007	5.19625876498188e-154	TRUE	remanei
Jockey	25436	0.0333771916140401	432.206842276067	1	12487	879.598404760805	42.3095702485424	20.7895849471812	2.11668834745879e-94	411.990413529736	431.636407300672	451.282401071608	170.784500794943	184.516898926798	198.249297058653	0.326300940537031	0.361666300037925	0.397031659538819	3.05137690058029	3847940	2.75169485169643e-93	TRUE	remanei
Merlin	6926	0.0322530168826213	417.199359808618	1	12487	318.634020923211	15.5998465866602	20.425458619297	3.05270020308728e-91	120.041353417997	128.368075568364	136.69479771873	36.2122717451057	39.1734742912061	42.1346768373066	0.318661975720004	0.354015425027462	0.389368874334921	0.829742424723745	1046347	2.64567350934231e-90	TRUE	remanei
Helitron	6289	0.0185508367007831	237.041618233824	1	12487	326.870167971255	21.2306350297365	15.396155956401	5.3249711820338e-53	127.698986947124	138.012648094781	148.326309242437	35.698669592813	41.8563190773666	48.0139685619203	0.245556994512666	0.280809196146488	0.31606139778031	0.890793911025188	1123336	3.46123126832197e-52	TRUE	remanei
PiggyBac	5708	0.0135115907665263	172.043819585767	1	12487	217.453880974576	16.5785912927539	13.11654754826	4.79486526616963e-39	84.9918534219129	93.2042907460775	101.416728070242	16.5082480118536	21.0036841262214	25.4991202405891	0.235280245887488	0.270520068898871	0.305759891910253	0.565623714414963	713280	2.49332993840821e-38	TRUE	remanei
Mutator	7580	0.0122205085025233	155.497751262436	1	12487	205.433394111022	16.4743764276586	12.4698737468523	1.7725985603748e-35	105.077561919073	113.836375280179	122.595188641286	48.8692255615003	52.0507768700945	55.2323281786888	0.197368869511807	0.23256699539757	0.267765121283334	0.821517535247085	1035975	7.6812604282908e-35	TRUE	remanei
Crypton	670	0.010650000599907	135.428875092013	1	12487	24.3429817140317	2.09179026401219	11.6373912494173	3.85116581955868e-31	6.15038861589449	7.3154018571886	8.48041509848271	0.190168543510468	0.401409578728176	0.612650613945883	0.169649381484415	0.204820979380368	0.239992577276322	0.0382205189930635	48198	1.43043301869322e-30	TRUE	remanei
hAT	9800	0.00838749379091408	106.628984916059	1	12487	291.696653624057	28.248397086444	10.3261311688385	6.76034976020143e-25	147.333056919492	157.133205251361	166.93335358323	69.0640153563902	81.7172833573602	94.3705513583303	0.130186711540326	0.165326327039069	0.200465942537812	1.18283537569689	1491615	2.19711367206546e-24	TRUE	remanei
R2	3233	0.00646740256930933	82.2906627265141	1	12487	101.990433439287	11.2430503995622	9.07142010528196	1.3489294966666e-19	36.8847015529031	42.5313800832533	48.1780586136035	8.49811746545053	11.426557744674	14.3549980238975	0.136389384906233	0.171533576720632	0.20667776853503	0.267227230049286	336987	3.89690743481462e-19	TRUE	remanei
Gypsy	5689	0.00495152563082812	63.1423515241132	1	12487	335.535302666708	42.225795927606	7.9462161765279	2.08739601347905e-15	179.202416987081	197.904739032981	216.607061078881	87.4228812151374	102.307384270383	117.191887325628	0.10518407287068	0.140306947564021	0.175429822257361	1.48671141909493	1874818	5.42722963504553e-15	TRUE	remanei
Maverick	785	0.0018389888036956	24.0076029046938	1	12487	154.902814955437	31.6143975672404	4.89975539233275	9.71601045725806e-07	62.4779198426682	77.5046429715018	92.5313661003353	20.6547792483184	30.3663302899247	40.0778813315311	0.0573235659573481	0.0924220286802419	0.127520491403136	0.534214184210468	673671	2.29651156262463e-06	TRUE	remanei
Bel-Pao	2242	0.00149825299676487	19.7382580749161	1	12487	221.184883628368	49.7852888583471	4.44277594246164	8.95697379067195e-06	148.249210941104	170.201088696766	192.152966452428	82.2092262869496	99.871215761653	117.533205236356	0.0524727681257153	0.0875693168016075	0.1226658654775	1.33743427443398	1686572	1.94067765464559e-05	TRUE	remanei
P	48	0.000585588043744534	8.31710830141849	1	12487	4.55326754508255	1.57883589433922	2.88393971875601	0.00393405102741219	1.28487813554646	2.17130963816843	3.0577411407904	-0.0430298243165486	0.0653531955790485	0.173736215474646	0.047619284130589	0.0827140209350607	0.117808757739532	0.0110780665241939	13970	0.00786810205482438	TRUE	remanei
Sola	1095	0.000565256126276115	8.06291085856864	1	12487	44.6549250862879	15.7261870137819	2.83952652013829	0.00452535302395599	46.5345812661758	53.8117195004803	61.0888577347849	27.1991195338688	32.316033958033	37.4329483821972	0.0496697202509721	0.084765209912812	0.119860699574652	0.426515077058222	537857	0.0084042270444897	TRUE	remanei
PIF-Harbinger	117	0.00049023122942371	7.12501026435556	1	12487	9.29001750835328	3.48035692814782	2.66927148569708	0.00761142868150215	2.32812963773124	4.01937239833493	5.71061515893863	0.37364302541334	1.38362966522505	2.39361630503676	0.0118524081381008	0.046936977916099	0.0820215476940972	0.0267578524499552	33743	0.0131931430479371	TRUE	remanei
CACTA	584	0.000372154058992935	5.64919010367261	1	12487	9.66846823767647	4.06784672057387	2.37680249572248	0.017478416885953	8.96817288346768	10.9098623118796	12.8515517402915	5.4354673501333	6.67147204869454	7.90747674725578	0.0295069837930463	0.064595870909695	0.0996847580263437	0.0870647213951912	109793	0.0284024274396736	TRUE	remanei
Copia	544	0.000300302135236796	4.75129958811343	1	12487	-30.1228988129377	13.8194435216651	-2.1797475973409	0.0292947927129576	6.30714076578075	8.71661863592699	11.1260965060732	15.3929372619837	22.8342143200384	30.2754913780932	-0.0984237763823964	-0.0633352427649956	-0.0282467091475948	0.156217390775458	196998	0.0448038006198175	TRUE	remanei
L1	3	0.000258662943542376	4.23101858373525	1	12487	0.672211354579639	0.326801000606639	2.05694399139481	0.0397123388972617	-0.033658218684178	0.151296829971182	0.336251878626541	0	0	0	-0.00638974747106219	0.0286917972711008	0.0637733420132637	0.000749375294585772	945	0.0573622672960447	FALSE	remanei
I	14	3.25470572386521e-05	1.40646087990214	1	12487	3.31489555122984	2.79515580106625	1.1859430340038	0.235667362467498	-0.0333724901803238	1.54226705091258	3.11790659200549	-0.0335328292995801	0.105077687009451	0.243688203318481	-0.0032122038431015	0.0318697628458095	0.0669517295347204	0.00815907132909313	10289	0.322492180218681	FALSE	remanei
Kolobok	1	1.44222711918607e-05	1.18010792020858	1	12487	0.390399343122024	0.359375292660529	1.08632772228669	0.277354996054642	-0.0996322226849162	0.103746397694524	0.307125018073965	0	0	0	-0.0171883200199621	0.0178921217423729	0.0529725635047079	0.000513857344858815	648	0.360561494871035	FALSE	remanei
Penelope	14	-1.80417145170253e-05	0.774699133925648	1	12487	0.720650946572597	0.818763410189794	0.880169946047719	0.378784190672177	-0.0180219077819996	0.34934357989113	0.71670906756426	-0.0350574200774763	0.247477174435368	0.530011768948212	-0.0273690161391797	0.00771085411358732	0.0427907243663543	0.00295547272266791	3727	0.468970902736981	FALSE	remanei
Dada	5	-2.97904720893971e-05	0.627987666970344	1	12487	-2.67446024274516	3.37489751257665	-0.792456728768419	0.428109467807998	0	0	0	-0.264020541903608	1.64664424155054	3.55730902500468	-0.0653242735959614	-0.0302425284907538	0.00483921661445376	0.00815193442152565	10280	0.505947552863998	FALSE	remanei
DIRS	530	-6.03760264943354e-05	0.246069700455704	1	12487	7.77241893408104	15.6684894955872	0.496054130570151	0.619864951275773	14.2897992311394	21.1849183477426	28.0800374643457	9.87029362818515	15.4473810667948	21.0244685054045	-0.0123841935748549	0.0226966757348942	0.0577775450446433	0.181403537581108	228759	0.700716901442178	FALSE	remanei
ERV	45	-7.77470148609627e-05	0.0291707574928769	1	12487	1.20080053930422	7.03067497037558	0.170794489058861	0.864388129723794	0.274991571553069	1.92603266090298	3.57707375025289	0.201830907533846	3.8234823001762	7.44513369281855	-0.051807740017601	-0.0167273866601519	0.0183529666972971	0.0284683312969621	35900	0.936420473867443	FALSE	remanei
RTE	612	-7.9675031526838e-05	0.00509747518398056	1	12487	-0.767157692328541	10.745016432502	-0.0713966048491102	0.943083255049195	8.0848851985237	11.4394812680115	14.7940773374994	7.61797198826615	12.6921351914144	17.7662983945626	-0.0423053382865452	-0.00722548392846848	0.0278543704296082	0.119494036392107	150688	0.980806585251163	FALSE	remanei
tRNA	112	-8.00699786998038e-05	0.000166162672725096	1	12487	0.00758828380626332	0.588676678500592	0.012890410106939	0.989715431548691	0.366782621126796	0.582933077169388	0.79908353321198	0.438198144690301	0.691814832612526	0.945431520534751	-0.0465437485551964	-0.0114637205330884	0.0236163074890195	0.00631219824857434	7960	0.989715431548691	FALSE	remanei
