rep_class	rep_count	adj_r2	F	numdf	dendf	beta_Estimate	beta_std_error	t_value	p_value	arm_lower	arm_mean	arm_upper	center_lower	center_mean	center_upper	arm_cen_effect_size_lower	arm_cen_effect_size	arm_cen_effect_size_upper	percent_genome_repeat	repeat_total_bp	p_adjust	p_sig	species	label
Helitron	28658	0.024233100224998	262.263437431377	1	10519	545.656461991867	33.6938337130274	16.1945496211342	2.78514932913616E-58	419.337699738614	434.081923588671	448.826147438728	275.170264360644	287.31825095057	299.466237540497	0.25522659465754	0.293652814011436	0.332079033365332	3.54884391118985	3794999	5.84881359118594E-57	TRUE	briggsae	
Gypsy	9879	0.023514925500293	254.334149925252	1	10519	368.489979503487	23.1059241632765	15.9478572204936	1.35475504986089E-56	160.878000660147	172.38756890325	183.897137146354	62.4705711588245	68.6990494296578	74.9275277004911	0.264408567126338	0.302847816365387	0.341287065604436	1.18602301250545	1268288	1.42249280235393E-55	TRUE	briggsae	
hAT	7279	0.019354021644062	208.622640778966	1	10519	272.102214731809	18.8387185329804	14.4437751567575	7.691429662939E-47	147.884009538299	157.221250712792	166.558491887286	62.875589917045	67.9617870722433	73.0479842274416	0.282411686923268	0.320877637824834	0.3593435887264	1.10778197150348	1184620	5.3840007640573E-46	TRUE	briggsae	
PiggyBac	8007	0.012338436974639	132.421897776	1	10519	197.934750848561	17.2005425129518	11.5074713893192	1.84030045725165E-30	126.052339522089	134.034784261547	142.017229001005	74.1131312574938	79.6980988593156	85.2830664611374	0.174862155598641	0.213191354693282	0.251520553787923	1.05143903320676	1124369	9.66157740057116E-30	TRUE	briggsae	
Mutator	9609	0.011565707401175	124.0949217074	1	10519	226.473850670572	20.3301723145418	11.1397900207949	1.16147074731266E-28	158.489745255678	168.548564911614	178.60738456755	90.6055749716958	96.1638783269962	101.722181682297	0.202390085532795	0.240749071351879	0.279108057170964	1.30223061497273	1392556	4.87817713871317E-28	TRUE	briggsae	
ERV	256	0.007955741655164	85.3655930754148	1	10519	-7.80249208904761	0.844484934157414	-9.23935025179881	2.95806231132706E-20	0.323423082778275	0.490781220300323	0.658139357822371	2.3524759902615	2.80019011406844	3.24790423787538	-0.223007593447631	-0.184705403044718	-0.146403212641806	0.016188156293745	17311	1.03532180896447E-19	TRUE	briggsae	
tRNA	179	0.00320237007029	34.7971641664361	1	10519	11.8326087221677	2.00589676317918	5.89891211719891	3.7718010788739E-09	2.57511174235065	3.6880821136666	4.80105248498256	0.160872972759038	0.385931558935361	0.610990145111685	0.072902975617614	0.11115325859187	0.149403541566127	0.020042790933155	21433	1.13154032366217E-08	TRUE	briggsae	
Copia	54	0.001970240918563	21.7678521353512	1	10519	3.04760257572582	0.653206567511641	4.66560308377719	3.11509695586625E-06	0.536633749407565	0.850598745485649	1.16456374156373	-0.039474457204468	0.156083650190114	0.351641757584696	0.03353692439658	0.071770007601134	0.110003090805688	0.004952485456165	5296	8.17712950914891E-06	TRUE	briggsae	
Sola	22	0.001563087267925	17.4694212011581	1	10519	0.986935527721331	0.236129107130185	4.17964366916106	2.94328565068178E-05	0.154534077537192	0.287397833111576	0.420261588685959	-0.007120949012484	0.007414448669202	0.021949846350887	0.041830520120115	0.080066611475392	0.118302702830669	0.001450397458934	1551	6.86766651825749E-05	TRUE	briggsae	
Tc1-Mariner	56651	0.001193036270013	13.5657329356867	1	10519	192.856387237471	52.3615381124406	3.6831688714593	0.000231507022951	880.452505788796	902.815814483938	925.179123179081	846.460267997404	865.929087452471	885.397906907539	0.009327248661906	0.047553430779396	0.085779612896886	8.70098298326558	9304501	0.000486164748197	TRUE	briggsae	
Jockey	7073	0.001137267328094	12.97767410898	1	10519	74.2153660787163	20.6013367881505	3.6024539010208	0.000316681187441	107.280914898932	115.610150161566	123.939385424201	82.0804446647166	90.2384030418251	98.3963614189336	0.044947472967824	0.083184779823697	0.12142208667957	1.01264019982755	1082879	0.000604573176023	TRUE	briggsae	
Kolobok	14	0.000630105325965	7.63288744685558	1	10519	5.99339184980627	2.16934309465634	2.76276807692133	0.005741304340321	0.27400783529772	1.5019958182855	2.72998380127327	0	0	0	0.008524131497748	0.04675013267962	0.084976133861493	0.007389452431008	7902	0.010047282595562	TRUE	briggsae	
CACTA	500	0.000236150244687	3.48488738086836	1	10519	14.6438357506029	7.844413441104	1.86678530658144	0.061959374004789	9.9050050442508	12.8893746436039	15.873744242957	5.1085974885358	8.39657794676806	11.6845584050003	0.000452114588125	0.038676468391387	0.076900822194648	0.104713833822698	111977	0.100088219546197	FALSE	briggsae	
R2	220	0.000130363688394	2.37160480936308	1	10519	4.81981307392744	3.12974557590261	1.54000156148074	0.123590052176033	2.51197009200867	3.18228473674206	3.85259938147546	0.893598423508063	2.53384030418251	4.17408218485696	-0.024231604677252	0.013989643471758	0.052210891620768	0.028119569045862	30070	0.185385078264049	FALSE	briggsae	
DIRS	188	7.16830576941163E-05	1.75415982742506	1	10519	12.7973808614999	9.66243342695984	1.32444698928461	0.185383412080854	7.58771940134823	11.9053411898879	16.2229629784275	2.72206919476435	6.07851711026616	9.43496502576797	0.002502074075856	0.040726816747724	0.078951559419591	0.088470504447021	94607	0.259536776913196	FALSE	briggsae	
I	44	2.12205757088579E-05	1.22324519385021	1	10519	3.06612939892628	2.77225847781771	1.106004156344	0.268750014211463	-0.05275662357469	1.46797186846607	2.98870036050683	0.1808714824912	0.567680608365019	0.954489734238838	-0.016292293831619	0.02192963558551	0.060151565002639	0.010014381939213	10709	0.352734393652545	FALSE	briggsae	
Penelope	5	-5.26751463041375E-05	0.44588664888323	1	10519	0.492730078357323	0.737898861061689	0.667747443936128	0.504309469098014	-0.129475313869791	0.288158144839384	0.705791603548559	0	0	0	-0.011850394090646	0.026372047886508	0.064594489863662	0.001417667664567	1516	0.615786267873288	FALSE	briggsae	
PIF-Harbinger	11	-5.71687176256219E-05	0.398619470732455	1	10519	-0.380660243385456	0.602918023627668	-0.631363184492446	0.527816801034247	-0.047143079390377	0.181524425014256	0.410191929418888	-0.046339184360133	0.207034220532319	0.460407625424772	-0.041077878593569	-0.00285707845429	0.035363721684989	0.001911419991012	2044	0.615786267873288	FALSE	briggsae	
Bel-Pao	268	-7.41873903455925E-05	0.219606548918225	1	10519	5.04067533883439	10.7563786649789	0.468621968027778	0.639349582786898	8.64416827245563	13.4158905151112	18.1876127577668	4.16257048296709	7.94315589353612	11.7237413041052	-0.003861547092542	0.034362054019109	0.072585655130759	0.105073861560731	112362	0.706649538869729	FALSE	briggsae	
Maverick	454	-9.41218843484304E-05	0.009930963818158	1	10519	-2.15061952034071	21.5808170772947	-0.099654221276144	0.920620744705013	16.6760410721663	25.9771906481657	35.2783402241652	14.5082738122579	22.427566539924	30.34685926759	-0.027113936102147	0.011107139239103	0.049328214580353	0.238118605387203	254635	0.966651781940264	FALSE	briggsae	
Merlin	1336	-9.49502702261018E-05	0.001217991842561	1	10519	-0.303414737648524	8.69389682652794	-0.034899739863798	0.972160350243182	21.4297651734753	24.9528606728759	28.4759561722765	22.5114195526124	25.9475285171103	29.3836374816082	-0.04594680491111	-0.007725881686009	0.030495041539091	0.250393213411678	267761	0.972160350243182	FALSE	briggsae	
Helitron	7202	0.065249274524714	701.063617362405	1	10028	1005.03731761481	37.9580132411045	26.4776059597993	2.21190509313419E-149	326.371546191476	346.403110047847	366.434673904218	42.370833393066	50.0472676505784	57.7237019080907	0.500915348749822	0.540769724721285	0.580624100692748	1.8595152128318	1988495	5.08738171420864E-148	TRUE	elegans	
hAT	5545	0.057743034320941	615.593377707082	1	10028	261.707802618783	10.5479898054135	24.8111543001746	6.13104763166973E-132	104.100580709539	109.345893141946	114.591205574353	31.8741392028056	34.7355404866374	37.5969417704692	0.449089867365872	0.488815492701383	0.528541118036894	0.675770194014272	722643	7.05070477642019E-131	TRUE	elegans	
PiggyBac	6982	0.056255460863539	598.816457318706	1	10028	437.618234028259	17.8833363750346	24.4707265384316	1.69137091383476E-128	172.100359355819	181.532496012759	190.9646326697	44.9833138631437	48.5656162744316	52.1479186857195	0.476080164532033	0.51587126890159	0.555662373271146	1.07921821239121	1154075	1.29671770060665E-127	TRUE	elegans	
Jockey	5941	0.022130148487396	227.96605160368	1	10028	453.467364990448	30.0338459402786	15.0985446849582	5.99891735487744E-51	176.029026766562	191.039274322169	206.049521877776	47.9874728746373	55.9411647387316	63.8948566028258	0.271939271811213	0.311321021004221	0.35070277019723	1.1583934552381	1238742	3.44937747905453E-50	TRUE	elegans	
Tc1-Mariner	13032	0.021803982004806	224.546335809424	1	10028	453.537084799648	30.2663338313187	14.9848702299828	3.21700141984098E-50	311.714913989974	325.562998405104	339.411082820234	175.462732255007	185.502592740327	195.542453225647	0.281162572725095	0.320558514299614	0.359954455874133	2.39688139297631	2563134	1.47982065312685E-49	TRUE	elegans	
tRNA	472	0.009127536253485	93.3832929417408	1	10028	27.7428483237661	2.87088935773147	9.66350314025615	5.37261956325498E-22	10.2083683308778	11.6499202551834	13.091472179489	2.8594261526111	3.60929397686478	4.35916180111846	0.154467560236409	0.193704590547857	0.232941620859304	0.071568838636082	76533	2.05950416591441E-21	TRUE	elegans	
PIF-Harbinger	727	0.006402799130973	65.6274691880825	1	10028	70.3036110178359	8.67830289341177	8.10107827317339	6.08172565839724E-16	21.5487557298807	26.3036283891547	31.0585010484288	0.380738069715314	1.58097327483047	2.78120847994563	0.158092364469117	0.197332857700211	0.236573350931304	0.130793869111027	139866	1.99828128775909E-15	TRUE	elegans	
CACTA	516	0.00406887888721	41.9735025794069	1	10028	95.2768239312271	14.7061728340392	6.47869605548885	9.68610133021384E-11	21.9375401501596	29.7424242424242	37.5473083346889	4.82291211193656	7.7335460710012	10.6441800300658	0.064252826367442	0.103424326021074	0.142595825674705	0.175772087666661	187964	2.78475413243648E-10	TRUE	elegans	
Gypsy	972	0.001771705649113	18.7999722663758	1	10028	75.0220666282167	17.3025622011502	4.33589347959284	1.46587080949821E-05	26.3040619316927	34.366028708134	42.4279954845753	10.7935550063634	16.3597925807738	21.9260301551843	0.032793217190467	0.071951219342708	0.111109221494949	0.23790632929231	254408	3.74611429093987E-05	TRUE	elegans	
Merlin	421	0.001384609512226	14.9055024891371	1	10028	8.67442751617856	2.24681601958805	3.8607644954254	0.000113742615155	5.97919488746088	6.94477671451356	7.91035854156623	4.14193516884513	4.97028320702034	5.79863124519555	0.021605589307238	0.060759958787097	0.099914328266956	0.055880045490674	59756	0.000261608014857	TRUE	elegans	
Bel-Pao	741	0.001167827207067	12.7258328062512	1	10028	110.891497941602	31.0853057575808	3.5673285251363	0.000362321212975	45.6436399737522	60.002990430622	74.3623408874919	13.0239893919247	23.1872756282409	33.3505618645571	0.042763586619561	0.081925342354205	0.121087098088848	0.390172813781824	417236	0.000757580718039	TRUE	elegans	
RTE	501	0.000707421257376	8.09975030450878	1	10028	32.3851029832047	11.3791406899318	2.84600602678715	0.004436116372777	14.8271749541824	20.1387559808612	25.4503370075401	9.24183128771186	12.88711607499	16.5324008622682	0.004916383856817	0.044066472768222	0.083216561679627	0.154888608586774	165632	0.008355077670055	TRUE	elegans	
Sola	54	0.000696130593052	7.98635713465117	1	10028	0.861309539085854	0.304778897376356	2.82601435499738	0.004722435204813	0.28753507278734	0.443979266347687	0.600423459908035	0.036533841422726	0.109094535301157	0.181655229179587	0.036856095072331	0.07601556806862	0.11517504106491	0.002594069987803	2774	0.008355077670055	TRUE	elegans	
L1	100	0.000518846112249	6.20620888097807	1	10028	17.228805755049	6.91579291509655	2.49122638091723	0.012746338743812	3.40685470591125	7.28129984051037	11.1557449751095	-0.175717833488885	0.372556840845632	0.920831515180149	0.029951772904634	0.06910879439805	0.108265815891466	0.035900843872288	38391	0.020940413650548	TRUE	elegans	
Maverick	66	0.000365790759648	4.66985792863239	1	10028	21.7731280673192	10.0755553453853	2.16098540685317	0.030720065141553	1.83788011744363	6.6445374800638	11.451194842684	-0.501119159377815	2.56980454726765	5.64072825391312	-0.011181728078368	0.027965523567278	0.067112775212925	0.043216420481726	46214	0.047104099883714	TRUE	elegans	
Copia	5	0.000313614484155	4.1462263637473	1	10028	-0.84044929190503	0.41274803203143	-2.03622846550854	0.041753641030949	0	0	0	-0.039059018992464	0.194654966094934	0.428368951182332	-0.07176162718709	-0.032613686667167	0.006534253852757	0.000912693694339	976	0.060020858981989	FALSE	elegans	
Mutator	3115	0.00028681611115	3.87730403587373	1	10028	41.3165600997848	20.9825964265394	1.96908710723361	0.048970579575348	60.3361453395292	69.5111642743222	78.6861832091151	49.3206851113564	56.8629836457918	64.4052821802271	0.002540292562615	0.041689882898819	0.080839473235024	0.592670181254328	633779	0.066254313543117	FALSE	elegans	
I	46	0.000131273869408	2.3167184870239	1	10028	2.98927732085305	1.96394614779184	1.52207703058153	0.128021311306913	0.807147043459355	1.62898724082935	2.45082743819934	0.262183702436831	1.0109692859992	1.75975486956157	-0.017384511994561	0.021761984942656	0.060908481879872	0.012381213640413	13240	0.163582786669944	FALSE	elegans	
ERV	91	8.26078491388271E-05	1.82854256313261	1	10028	-10.6535479583694	7.87846714599589	-1.35223613438356	0.176330281172958	0.537132343309766	0.921251993620415	1.30537164393106	0.302749130453895	4.74670921420024	9.19066929794658	-0.072730726547444	-0.033582629113369	0.005565468320706	0.026577528162702	28421	0.213452445630423	FALSE	elegans	
R2	99	4.57278433122488E-05	1.45862551253393	1	10028	9.84137684134555	8.14861800482488	1.2077356964725	0.227177425482463	1.85903467013267	6.30263157894737	10.7462284877621	0.154253248875873	1.38671719186278	2.6191811348497	0.002579089864691	0.041728688119812	0.080878286374933	0.036065427981103	38567	0.261254039304832	FALSE	elegans	
Kolobok	6	3.53864854396591E-06	1.03548923183146	1	10028	0.380503342722358	0.373926016478532	1.0175899133892	0.30889743231328	-0.013440908019164	0.198165869218501	0.409772646456165	0	0	0	-0.002492620340803	0.036656005195837	0.075804630732477	0.000929526160013	994	0.326310730629924	FALSE	elegans	
Penelope	2	2.17095668375578E-06	1.02177257184883	1	10028	0.090430876920837	0.089462209925857	1.01082766674088	0.312123307559058	-0.014147334262138	0.036483253588517	0.087113841439171	0	0	0	-0.010942262618831	0.02820502193848	0.067352306495791	0.000171130067688	183	0.326310730629924	FALSE	elegans	
DIRS	10	-7.77054019769352E-05	0.220753075270148	1	10028	0.126169893041119	0.268535899922767	0.46984367109726	0.6384769275099	-0.015107847090194	0.111443381180223	0.23799460945064	-0.00402421778877	0.080175508575987	0.164375234940745	-0.031092710970122	0.008052785975615	0.047198282921352	0.00089866663961	961	0.6384769275099	FALSE	elegans	
hAT	17959	0.03691288225994	472.468630735093	1	12300	617.741562296845	28.4197551901546	21.7363435456632	7.90962073107068E-103	337.957633991421	351.501381889124	365.045129786826	152.55566679053	161.15525930743	169.75485182433	0.383666952129176	0.419398812841078	0.45513067355298	2.94881513702492	3153351	1.58192414621414E-101	TRUE	inopinata	hAT
Bel-Pao	5313	0.012657092982514	158.690807997208	1	12300	-709.211876441165	56.2989265127396	-12.5972539863736	3.6548638035628E-36	128.291112471776	144.238497805235	160.185883138694	281.839509584518	309.511136400585	337.182763216652	-0.218342317232002	-0.182923071309108	-0.147503825386214	2.60998040841266	2791014	3.6548638035628E-35	TRUE	inopinata	Bel-Pao
Tc1-Mariner	65393	0.006500707358888	81.4884329701948	1	12300	-661.36915550786	73.2648987112239	-9.02709438137175	2.02307556007089E-19	1014.63601407636	1041.83612420745	1069.03623433854	1164.47001748343	1195.83661193302	1227.20320638261	-0.166502414839528	-0.131119051032375	-0.095735687225223	12.8711552836572	13763925	1.34871704004726E-18	TRUE	inopinata	Tc1-Mariner
Jockey	5165	0.005129448221666	64.4226658552996	1	12300	-137.58178603898	17.1412147879857	-8.02637314453416	1.09484564206648E-15	65.9291585592006	70.5519427735328	75.1747269878649	95.3723315787173	103.911071370509	112.4498111623	-0.156823109031058	-0.121445137273785	-0.086067165516513	1.00351606829511	1073122	5.4742282103324E-15	TRUE	inopinata	
Helitron	4713	0.005084317619564	63.8618003976134	1	12300	146.101918032188	18.2824897405114	7.99135785693602	1.45326672631382E-15	106.003536999674	114.586733864412	123.169930729151	61.4596423134642	67.2277678426272	72.9958933717902	0.12648028147999	0.161883531213795	0.1972867809476	1.04580202747984	1118341	5.81306690525528E-15	TRUE	inopinata	
PiggyBac	397	0.002331424127441	29.7458669995336	1	12300	42.7902222428981	7.84569148137625	5.45397717262673	5.02077040169545E-08	9.4172587814032	13.7174443179971	18.017629854591	1.4738885775954	2.58673386441229	3.69957915122918	0.053217092315253	0.088579826520128	0.123942560725002	0.093782082504237	100287	1.67359013389848E-07	TRUE	inopinata	
Mutator	2329	0.002235678316113	28.5627002978974	1	12300	56.3029987976117	10.5349358468741	5.34440832065604	9.23327996755372E-08	45.2484559665281	50.0289383840026	54.8094208014771	27.0947414222342	30.654202568688	34.2136637151419	0.079535496458551	0.114910059036189	0.150284621613827	0.464091651653432	496282	2.63807999072963E-07	TRUE	inopinata	
Gypsy	8588	0.001331133064629	17.3960932098024	1	12300	-174.499970266788	41.8378630797479	-4.1708624060022	3.05531139299096E-05	188.082732465289	204.115590960819	220.14844945635	221.527497157414	238.967647536986	256.407797916558	-0.087355873013524	-0.052004494014452	-0.016653115015381	2.5486270061669	2725405	7.6382784824774E-05	TRUE	inopinata	Gypsy
Sola	306	0.000611423323804	8.52571970667543	1	12300	-19.7749209239026	6.77250337635653	-2.91988350909337	0.003507977321385	9.59931069715857	12.03170216225	14.4640936273415	13.2691928344926	16.232807673549	19.1964225126055	-0.074082278389136	-0.038733559177296	-0.003384839965456	0.162578239988973	173855	0.007795505158633	TRUE	inopinata	
R2	53	0.000470495779027	6.79029288617718	1	12300	-7.10666802928296	2.72723006138321	-2.60581904325246	0.009176530035739	0.512258523905911	1.50658429523655	2.50091006656718	1.01950617134267	2.20078036091692	3.38205455049118	-0.051238612632152	-0.015892649575379	0.019453313481395	0.021324863735346	22804	0.018353060071479	TRUE	inopinata	
DIRS	815	0.000192820152006	3.37233812442292	1	12300	-15.9978638439272	8.71157018937443	-1.83639269341363	0.066323718765934	10.8190570608935	13.5760039018046	16.3329507427156	12.6287969971887	16.7174443179971	20.8060916388054	-0.057865180726016	-0.022518655439846	0.012827869846325	0.174248749523139	186335	0.120588579574425	FALSE	inopinata	
Maverick	1099	0.000164854799023	3.02821324346347	1	12300	-23.5714730847073	13.545451858825	-1.7401762104636	0.081853091479146	21.9271943386718	27.176394082263	32.4255938258543	28.5538390539983	34.1420907169566	39.7303423799149	-0.067463255748086	-0.032115572248369	0.003232111251349	0.352705615464847	377170	0.13642181913191	FALSE	inopinata	
Merlin	524	2.03323509837539E-05	1.25011333484171	1	12300	-4.0937890821482	3.66143028600543	-1.11808467248313	0.263552668698268	6.98727412675594	8.35766542025687	9.7280567137578	7.91187670687152	9.46659079824419	11.0213048896169	-0.054260525907235	-0.018914330512782	0.016431864881672	0.102525613285042	109637	0.405465644151182	FALSE	inopinata	
Penelope	14	-2.23844006639329E-05	0.724655650849893	1	12300	0.278249232133122	0.326864784124476	0.851267085496613	0.394637576555904	0.030962225658696	0.184685417005365	0.338408608352034	-0.003941401742441	0.099008291334742	0.201957984411926	-0.018976302448958	0.016369694606429	0.051715691661817	0.001631814033423	1745	0.563767966508434	FALSE	inopinata	
RTE	48193	-3.11392824670076E-05	0.616967613725112	1	12300	42.5284832103894	54.1437971680551	0.785472859954515	0.432191506363805	664.766005586686	685.073809136726	705.381612686765	621.404590052374	644.346610307267	667.28863056216	0.011637705898536	0.046987988040966	0.082338270183395	7.6468629123317	8177265	0.576255341818407	FALSE	inopinata	RTE
L1	9	-4.57124773880491E-05	0.43771651901759	1	12300	-0.500595197207719	0.756641591580508	-0.661601480513452	0.50823905183471	-0.00594870998731	0.030889286294911	0.067727282577133	-0.011262775748862	0.415379613071045	0.842022001890953	-0.06708597207746	-0.031738341786068	0.003609288505324	0.002566951015327	2745	0.635298814793387	FALSE	inopinata	
tRNA	27	-5.57367520630514E-05	0.314420424848983	1	12300	0.267404842094093	0.476885252218485	0.560732043715166	0.574990432928431	0.001151699195735	0.252804422045196	0.504457144894657	-0.001844713282933	0.095756787514225	0.193358288311384	-0.014779053469317	0.02056728608969	0.055913625648698	0.002004933689203	2144	0.649008381941226	FALSE	inopinata	
PIF-Harbinger	376	-5.693707863208E-05	0.299656871236464	1	12300	4.19730267467595	7.66757738378552	0.547409235614877	0.584107543747103	6.75524470439091	10.0295886847667	13.3039326651425	6.47325812182116	9.32189887823118	12.1705396346412	-0.029581486721139	0.005763991770564	0.041109470262267	0.111310290093051	119031	0.649008381941226	FALSE	inopinata	
I	3	-6.52102837319646E-05	0.197900604941957	1	12300	0.200587421636222	0.450899895938191	0.444860208314881	0.656428608211378	-0.106480012963205	0.110876280279629	0.328232573522463	-0.046465899753593	0.087302877580881	0.221071654915355	-0.032080442889779	0.003264985757307	0.038610414404394	0.001139931980941	1219	0.690977482327766	FALSE	inopinata	
CACTA	128	-7.56168823525805E-05	0.0699070609075	1	12300	1.34508301618882	5.08731427234429	0.264399434393305	0.791476577241311	3.50313526947825	5.69517151682653	7.88720776417481	3.21728881235496	5.08453909933344	6.95178938631192	-0.027849432673707	0.007496096555879	0.042841625785466	0.062005192722147	66306	0.791476577241311	FALSE	inopinata	
hAT	10581	0.009691373546252	116.330548671044	1	11784	261.369493485993	24.2330460733137	10.7856640347753	5.37744040641387E-27	180.346894135359	192.057176789956	203.767459444553	112.223431735467	119.374066530889	126.524701326312	0.155100899967559	0.191294392496743	0.227487885025928	1.7162915029573	1835337	1.18303688941105E-25	TRUE	nigoni	
Jockey	11283	0.005221898286028	62.863114190798	1	11784	246.796602527965	31.127284196295	7.92862624865104	2.41526878670877E-15	196.199878023227	210.337970817781	224.476063612334	136.070539906958	146.599626612356	157.128713317754	0.094425543976255	0.130575001318356	0.166724458660458	1.96705783602476	2103497	2.65679566537965E-14	TRUE	nigoni	
Gypsy	5075	0.004952836950974	59.659715473562	1	11784	206.700887203972	26.7609638771609	7.72397018854693	1.21879862321121E-14	112.876099043549	124.629284017645	136.382468991741	58.2844854278596	67.8457230142566	77.4069606006536	0.099194698442729	0.135347016641723	0.171499334840717	1.06073710021784	1134312	8.93785657021554E-14	TRUE	nigoni	
Helitron	21202	0.004835605361715	58.2645177971078	1	11784	232.62701024156	30.4760067317869	7.63311979449482	2.46796358043509E-14	311.528377828682	323.421445537835	335.314513246989	262.054131673778	274.577902240326	287.101672806874	0.066000747601029	0.102135280857082	0.138269814113135	3.2954778973127	3524059	1.3573799692393E-13	TRUE	nigoni	
PiggyBac	7054	0.004299170491974	51.8844853257215	1	11784	128.455353053577	17.8333712457857	7.20308859627046	6.24488037383513E-13	94.9829386341982	102.980149304377	110.977359974556	56.0011528393997	62.1525797691785	68.3040066989574	0.109975942196137	0.146135105451666	0.182294268707196	0.910045386405848	973168	2.74774736448746E-12	TRUE	nigoni	
Tc1-Mariner	61607	0.003108892632181	37.7525594314818	1	11784	334.750268896148	54.4813342070825	6.14431114377208	8.29024458287852E-10	908.583400212486	931.714794706481	954.846189200476	854.383499186132	874.826883910387	895.270268634642	0.030429315537895	0.06655030742618	0.102671299314464	9.9554748553121	10646007	3.03975634705546E-09	TRUE	nigoni	
CACTA	633	0.001053042520108	13.4231882449329	1	11784	15.7375415294496	4.29545376530444	3.66376694740984	0.000249622866091	8.38592486890391	10.4548693586698	12.5238138484358	4.46026495661799	5.73693143245078	7.01359790828357	0.033957985286993	0.070080065315678	0.106202145344363	0.089233576224255	95423	0.000784529007714	TRUE	nigoni	
tRNA	247	0.000990595760223	12.685746885549	1	11784	3.3291525448745	0.934707386024643	3.5617056146668	0.000369906810743	1.53833421309212	1.9920257889379	2.44571736478368	0.726552891248313	0.998642226748133	1.27073156224795	0.031687918811038	0.067809292367761	0.103930665924485	0.016481789306063	17625	0.001017243729544	TRUE	nigoni	
RTE	145	0.00045921901954	6.4143825327227	1	11784	4.1088366209782	1.62233838817949	2.5326631305254	0.011332835150825	1.45948731963855	2.31184255174754	3.16419778385653	0.699545029080164	1.04090291921249	1.38226080934482	0.013867589273548	0.049984225040688	0.086100860807828	0.018477371625447	19759	0.027702485924238	TRUE	nigoni	
Merlin	1065	0.000427729601128	6.04295036844973	1	11784	-14.2462932146505	5.79531924755685	-2.45824131615465	0.013976215777879	11.565673380254	13.5924669155073	15.6192604507606	15.9392350889596	18.5183299389002	21.0974247888408	-0.090353346080202	-0.054235710457731	-0.018118074835261	0.17695036026386	189224	0.030747674711333	TRUE	nigoni	
ERV	1	0.000142499873434	2.67960035125382	1	11784	-0.174113106581169	0.106364438400878	-1.63694848766044	0.101667935826755	0	0	0	-0.029502101759307	0.03071961982349	0.090941341406285	-0.054537314755907	-0.018425551107839	0.01768621254023	0.000169259793725	181	0.20333587165351	FALSE	nigoni	
DIRS	72	9.37987822470232E-05	2.10552234543191	1	11784	8.37733883609825	5.77332696849593	1.45104181381238	0.146794835826099	1.98974647233768	4.63861554122837	7.28748461011905	0.28783485609506	2.20145960624576	4.11508435639645	-0.009179320783709	0.026933313793019	0.063045948369747	0.037696306877544	40311	0.251064124294884	FALSE	nigoni	
Sola	28	9.24264823656262E-05	2.08934677916961	1	11784	3.62117054963117	2.50520757201798	1.44545729067642	0.148356073446977	0.168190347846224	1.58585001696641	3.00350968608659	0	0	0	0.004277799389024	0.040392478936507	0.076507158483989	0.00874072536986	9347	0.251064124294884	FALSE	nigoni	
PIF-Harbinger	10	4.13572467121703E-05	1.48741531065946	1	11784	-0.777147196563183	0.637216717258722	-1.2195963720262	0.222642331622358	-0.064637032894198	0.18476416694944	0.434165366793078	-0.006364255931328	0.254243041412084	0.514850338755496	-0.043067319672063	-0.006956213037631	0.029154893596802	0.002419199372186	2587	0.349866521120848	FALSE	nigoni	
R2	418	1.0356232950981E-05	1.12204946930078	1	11784	-7.75802347605115	7.32394521696272	-1.0592683650996	0.289499289319398	2.87274801284397	3.931455717679	4.99016342251403	4.35629452825507	8.36456211812627	12.3728297079975	-0.074738201281321	-0.038623837113566	-0.00250947294581	0.067756285160858	72456	0.42459895766845	FALSE	nigoni	
Mutator	4716	-1.58055492887055E-05	0.813734545662649	1	11784	9.20071271355841	10.1995284465578	0.902072361655455	0.367036866726954	56.473321611049	60.765184933831	65.0570482566131	57.8485559910649	61.7102851323829	65.5720142737009	-0.04202283507489	-0.005911758773634	0.030199317527623	0.674932311278486	721747	0.504675691749562	FALSE	nigoni	
Kolobok	22	-3.27823109889103E-05	0.61367312968528	1	11784	0.935561427326968	1.19427338505753	0.783372918657065	0.433423898057671	0.092256096536959	0.582117407533084	1.07197871852921	0.188225967922903	0.654107264086897	1.11998856025089	-0.039956852010599	-0.003845821205857	0.032265209598884	0.006812472913173	7285	0.560901515133457	FALSE	nigoni	
Penelope	27	-6.31981094578737E-05	0.255257346368865	1	11784	0.876425052901141	1.73470511274756	0.505229993536475	0.613406755003704	0.183918437250425	1.11282660332542	2.04173476940041	-0.005630902861604	0.311948404616429	0.629527712094462	-0.006654141596675	0.029458814393342	0.065571770383359	0.00785234523705	8397	0.749719367226749	FALSE	nigoni	
Copia	48	-6.82993539591337E-05	0.195147084526617	1	11784	-0.483705047069912	1.09496335576163	-0.44175455235528	0.658674935182048	0.511764471262127	0.93892093654564	1.36607740182915	0.551906836804432	1.0010183299389	1.45012982307337	-0.03972931337925	-0.003618286407561	0.032492740564128	0.01069048597713	11432	0.762676240737108	FALSE	nigoni	
Maverick	561	-7.40868668089867E-05	0.12695095612451	1	11784	-2.6162185473088	7.34270418485358	-0.356301776763049	0.721620957649518	11.2909849509958	14.2387173396675	17.1864497283391	10.7799519223146	13.7101154107264	16.6402788991383	-0.031517969814408	0.004593075222563	0.040704120259533	0.154019866330585	164703	0.79378305341447	FALSE	nigoni	
Bel-Pao	2168	-8.31023165555056E-05	0.020720579783045	1	11784	-5.84579661474942	40.6109126783956	-0.143946447622176	0.8855452191436	72.2119743033847	87.8707159823549	103.529457661325	74.9547318042748	91.7846232179226	108.61451463157	-0.042260040238382	-0.006148957480525	0.029962125277332	0.990034198426997	1058705	0.927714039102819	FALSE	nigoni	
I	9	-8.48400513346892E-05	0.000244814302713	1	11784	0.009727290334702	0.621689432404705	0.015646542835828	0.987516639288224	-0.050553052353124	0.082626399728538	0.215805851810199	-0.043000316767314	0.28275627970129	0.608512876169894	-0.05665161620928	-0.020539666645976	0.015572282917329	0.00201334992204	2153	0.987516639288224	FALSE	nigoni	
Tc1-Mariner	21136	0.061997966690898	826.403976262815	1	12487	791.450000028826	27.531335852512	28.7472429332416	4.94182599560018E-176	367.912340513572	380.682676913224	393.453013312877	146.190477281109	155.144001281435	164.097525281762	0.471654908279513	0.507294412560298	0.542933916841082	3.12925636364223	3346308	1.28487475885605E-174	TRUE	remanei	
Jockey	25436	0.041400811322186	540.342550982726	1	12487	1027.81726386547	44.2161906041365	23.2452694323539	4.76236943433863E-117	472.776591338483	493.49311559398	514.209639849478	188.075806834003	202.152010251482	216.22821366896	0.372612658112023	0.40805558696312	0.443498515814216	4.06260255822619	4344393	6.19108026464022E-116	TRUE	remanei	
Merlin	6926	0.034407342153054	445.989805292658	1	12487	337.518663224251	15.9821545696749	21.1184707138717	2.67817823834721E-97	128.070838010652	136.56516170349	145.059485396328	39.0926608080224	42.230337978536	45.3680151490496	0.330045174678866	0.365416463600902	0.400787752522937	1.0442020081038	1116630	2.32108780656758E-96	TRUE	remanei	
Helitron	6289	0.020640247337131	264.187667295142	1	12487	360.078600525189	22.1534332975302	16.2538508451118	8.40829185101178E-59	140.085190926545	150.895773294909	161.706355663272	39.0802799172892	45.4246355918629	51.7689912664366	0.259895600764425	0.295165838884768	0.330436077005111	1.14655368591021	1226081	5.46538970315766E-58	TRUE	remanei	
PiggyBac	5708	0.013802637055725	175.779753047897	1	12487	250.168146691497	18.8689435934038	13.2581956935284	7.51836667964421E-40	98.1073709109148	107.660582772975	117.213794635035	17.9196996608387	22.62758289284	27.3354661248412	0.244815876633882	0.280067170241719	0.315318463849556	0.760932183819315	813712	3.90955067341499E-39	TRUE	remanei	
Mutator	7580	0.013740179771991	174.977851954829	1	12487	223.783867259774	16.9175408694053	13.2279194114127	1.11894942826848E-39	115.263869957418	124.206532180596	133.149194403773	53.7433236757422	57.1494473810668	60.5555710863914	0.210587979417742	0.245799934767351	0.281011890116959	1.05911557269121	1132578	4.84878085583008E-39	TRUE	remanei	
Crypton	670	0.010927168276048	138.96605573873	1	12487	36.1207574342631	3.06409681288851	11.7883864773229	6.61289377569608E-32	9.32942610699741	11.0478706372078	12.7663151674182	0.248965833436397	0.47909658817876	0.709227342921124	0.178629707938283	0.213809533384425	0.248989358830568	0.067326122149182	71996	2.45621768811569E-31	TRUE	remanei	
hAT	9800	0.009694498403674	123.250048969664	1	12487	332.85988460403	29.9825045343536	11.1018038610698	1.6711923008421E-28	166.778294453346	177.274415626001	187.770536798655	76.1002162440594	89.455870575044	102.811524906029	0.146234624061578	0.181386424922042	0.216538225782505	1.55768478973048	1665729	5.43137497773682E-28	TRUE	remanei	
R2	3233	0.00876486397562	111.423468004316	1	12487	122.309185922457	11.5869928716655	10.5557315238839	6.14570137986294E-26	43.8590243302872	49.6978866474544	55.5367489646216	10.080715079527	13.0615088899568	16.0423027003865	0.16086923798105	0.196033131863356	0.231197025745662	0.366532550879284	391956	1.77542484307152E-25	TRUE	remanei	
Gypsy	5689	0.005640255610033	71.8350397886451	1	12487	360.657114686413	42.5526229887342	8.4755554265573	2.60062299012028E-17	190.323675823666	209.189241114313	228.054806404961	90.9368631435719	105.912542047093	120.888220950614	0.115287213216135	0.150416523314832	0.18554583341353	1.84017003408715	1967808	6.76161977431273E-17	TRUE	remanei	
Maverick	785	0.001929345191245	25.1402375995935	1	12487	162.03194448213	32.3158776276046	5.01400414834226	5.40402669169236E-07	64.6603720686548	80.0195325008005	95.3786929329462	21.5527379076066	31.4823001761973	41.4118624447881	0.057997590451252	0.093096327295005	0.128195064138758	0.651178896801135	696346	1.27731539985456E-06	TRUE	remanei	
Bel-Pao	2242	0.00150345598054	19.803428411891	1	12487	222.244136320155	49.9413318436177	4.45010431472017	8.65717661816679E-06	149.61292743751	171.641050272174	193.669173106839	83.0749707746865	100.78279673234	118.490622689994	0.052855359449748	0.087952055343196	0.123048751236644	1.59090833642357	1701257	1.8757216006028E-05	TRUE	remanei	
Sola	1095	0.000602188861184	8.52466576837005	1	12487	46.3849182192815	15.8868617059826	2.91970302742763	0.00350991271762	47.643917453568	54.9940762087736	62.3442349639792	27.7117291765139	32.882588499119	38.0534478217242	0.05121687847654	0.08631294840819	0.12140901833984	0.513183537792462	548779	0.00701982543524	TRUE	remanei	
P	48	0.000575329561119	8.18885151804033	1	12487	4.9412690843882	1.72674022622786	2.8616169411786	0.00422186285636	1.38460449568272	2.35526737111752	3.32593024655231	-0.043029824316549	0.065353195579049	0.173736215474646	0.0471404721627	0.082235035816708	0.117329599470715	0.014138336029411	15119	0.007840602447527	TRUE	remanei	
PIF-Harbinger	117	0.000495745956283	7.19394612580597	1	12487	9.34157191357209	3.48286283364484	2.68215326292253	0.007324618380069	2.34011887035512	4.03250080051233	5.72488273066953	0.374383100083415	1.38523145923434	2.39607981838527	0.012023683445184	0.047108288541303	0.082192893637422	0.031640359782732	33835	0.012696005192119	TRUE	remanei	
CACTA	584	0.000430531301171	6.3787906267528	1	12487	10.6904053025929	4.23277318387747	2.52562677899027	0.011561476974174	9.80870814997578	11.8178033941723	13.8268986383688	5.98137657308977	7.28511933365369	8.58886209421761	0.031300022859881	0.066389424916904	0.101478826973926	0.111557166256274	119295	0.018787400083033	TRUE	remanei	
Copia	544	0.000292265410552	4.65087747217426	1	12487	-29.8444349219231	13.8387196481162	-2.15658931467591	0.031056706659821	6.41029797953202	8.82981107909062	11.2493241786492	15.4340440088342	22.8835495755246	30.333055142215	-0.098049252423972	-0.062960822458493	-0.027872392493014	0.185169279197817	198013	0.04749849253855	TRUE	remanei	
L1	3	0.000258662943542	4.23101858373525	1	12487	0.672211354579639	0.326801000606639	2.05694399139481	0.039712338897262	-0.033658218684178	0.151296829971182	0.336251878626541	0	0	0	-0.006389747471062	0.028691797271101	0.063773342013264	0.0008837044479	945	0.057362267296045	FALSE	remanei	
I	14	4.14202791489959E-05	1.51727787180716	1	12487	3.45210889931704	2.80254068063745	1.23177833712367	0.218055093094026	0.001556727083825	1.58133205251361	3.16110737794339	-0.033534905328968	0.105718404613167	0.244971714555301	-0.002446418723718	0.032635656276217	0.067717731276153	0.009853538378326	10537	0.298391180023404	FALSE	remanei	
Kolobok	1	1.44222711918607E-05	1.18010792020858	1	12487	0.390399343122024	0.359375292660529	1.08632772228669	0.277354996054642	-0.099632222684916	0.103746397694524	0.307125018073965	0	0	0	-0.017188320019962	0.017892121742373	0.052972563504708	0.000605968764274	648	0.360561494871035	FALSE	remanei	
Penelope	14	-1.71188463018446E-05	0.786223506988867	1	12487	0.731042755969544	0.824460333605794	0.886692453440802	0.375261578842824	-0.018557988418641	0.352865834133846	0.724289656686332	-0.035057420077476	0.247477174435368	0.530011768948212	-0.027157527487872	0.007922350014005	0.043002227515881	0.003505828545159	3749	0.464609573805401	FALSE	remanei	
Dada	5	-2.97904720893971E-05	0.627987666970344	1	12487	-2.67446024274516	3.37489751257665	-0.792456728768419	0.428109467807998	0	0	0	-0.264020541903608	1.64664424155054	3.55730902500468	-0.065324273595961	-0.030242528490754	0.004839216614454	0.009613208173976	10280	0.505947552863998	FALSE	remanei	
DIRS	530	-5.86578783461356E-05	0.26752338073799	1	12487	8.11871090360095	15.696622185325	0.517226624158109	0.605007129949909	14.4747074179547	21.3834454050592	28.2921833921637	9.95393500405313	15.539484222329	21.1250334406049	-0.012004640627643	0.023076266775259	0.058157174178161	0.215618274465603	230574	0.683921103421636	FALSE	remanei	
tRNA	112	-7.72574044631824E-05	0.035284064514323	1	12487	0.113316395170605	0.603258495309355	0.187840529477328	0.851004715444986	0.412016091440064	0.636087095741274	0.860158100042485	0.468242352942754	0.725933045010412	0.983623737078069	-0.044310724602588	-0.009230797892837	0.025849128816914	0.007953340031096	8505	0.896996790208258	FALSE	remanei	
ERV	45	-7.76807382099065E-05	0.029998291684381	1	12487	1.21809557120253	7.03287830177296	0.173200149204268	0.862496913661786	0.276068008348595	1.92939481268012	3.58272161701164	0.202944418375853	3.82492391478456	7.44690341119327	-0.051785570150565	-0.016705218418029	0.018375133314506	0.033599471759822	35930	0.896996790208258	FALSE	remanei	
RTE	612	-8.00802300671144E-05	3.81640968464245E-05	1	12487	-0.069340584909043	11.2243191313145	-0.006177709676446	0.995071030865808	9.0142032223804	12.4012167787384	15.7882303350964	8.40111871056036	13.7773506327086	19.1535825548569	-0.042678648427785	-0.007598781936833	0.027481084554119	0.152866842431897	163470	0.995071030865808	FALSE	remanei	
