cluster_id	mean	median	min	max	sd	iqr	count	original_rep_cat	repeat_class	repeat_subclass	repeat_order	repeat_superfamily	repeat_family
Cluster1006	0.045901773504274	0.010755	0	0.9645	0.123115749301095	0.036225	468	LINE-RTE-RTE	I	Unclassified	LINE	RTE	Unclassified
Cluster1007	0.071525529978587	0.03325	0	5.98941	0.181538549664051	0.0758125	1868	LINE-RTE-RTE	I	Unclassified	LINE	RTE	Unclassified
Cluster100	0.070210446428571	0.04461	0.00053	0.64571	0.107658904280928	0.0559075	112	LTR-Pao	I	Unclassified	LTR	Bel-Pao	Pao
Cluster1010	0.083307960339943	0.04221	0	1.43712	0.134952606724498	0.09328	353	LINE-RTE-RTE	I	Unclassified	LINE	RTE	Unclassified
Cluster1012	0.077163433242507	0.03314	0	0.81832	0.125492471856093	0.05879	367	LINE-RTE-RTE	I	Unclassified	LINE	RTE	Unclassified
Cluster1013	0.07170328440367	0.02802	0	1.07746	0.120593752397535	0.08473	545	LINE-RTE-RTE	I	Unclassified	LINE	RTE	Unclassified
Cluster1018	0.091874549387167	0.03321	0	1.82378	0.166608030834421	0.10181	1387	DNA-TcMar-Mariner	II	1	TIR	Tc1-Mariner	Mariner
Cluster101	0.08251893533123	0.02735	0	5.99245	0.234763612237567	0.0738225	1268	RC-Helitron	II	2	Helitron	Helitron	Unclassified
Cluster1026	0.079281590413943	0.02952	0	2.00674	0.153931856792786	0.08436	459	DNA-TcMar-Tc1	II	1	TIR	Tc1-Mariner	Tc1
Cluster107	0.070528585858586	0.02877	0	0.96394	0.134587913261072	0.069575	396	LTR-Gypsy	I	Unclassified	LTR	Gypsy	Unclassified
Cluster113	0.078872065553494	0.03416	0	1.4219	0.154886783862553	0.06637	1617	LINE-RTE-RTE	I	Unclassified	LINE	RTE	Unclassified
Cluster115	0.128380466666667	0.09795	0.00053	0.73624	0.129458718808814	0.15755	150	LINE-RTE-RTE	I	Unclassified	LINE	RTE	Unclassified
Cluster1173	0.049493243243243	0.0365	0.00053	0.41897	0.058057898517728	0.041785	111	Unknown	Unclassified	Unclassified	Unclassified	Unclassified	Unclassified
Cluster1175	0.093768507936508	0.05777	0	0.62194	0.105681043548978	0.15328	315	Unknown	Unclassified	Unclassified	Unclassified	Unclassified	Unclassified
Cluster1179	0.053515255813954	0.0215	0	0.90754	0.10563371279247	0.0557	215	Simple_repeat	Simple_repeat	Unclassified	Unclassified	Unclassified	Unclassified
Cluster1180	0.144114285714286	0.108275	0	1.01982	0.133009640934455	0.1842975	154	Unknown	Unclassified	Unclassified	Unclassified	Unclassified	Unclassified
Cluster118	0.14771837398374	0.10905	0.00053	0.67642	0.145432912584835	0.122605	123	LINE-RTE-RTE	I	Unclassified	LINE	RTE	Unclassified
Cluster1210	0.128050558252427	0.131605	0	0.63682	0.091671961994872	0.1376075	412	LINE-RTE-RTE	I	Unclassified	LINE	RTE	Unclassified
Cluster1211	0.081263833333333	0.06185	0	0.79588	0.101436748218984	0.082355	480	DNA-TcMar-Tc4	II	1	TIR	Tc1-Mariner	Tc4
Cluster1212	0.1263675	0.11572	0	0.65053	0.098355439049151	0.0973875	128	DNA-TcMar-Tc1	II	1	TIR	Tc1-Mariner	Tc1
Cluster1213	0.170296633663366	0.18308	0.00052	0.88284	0.157514315249613	0.27838	101	DNA-MULE-MuDR	II	1	TIR	Mutator	MuDR
Cluster1226	0.068449330422125	0.05079	0	1.23351	0.091750388884647	0.080005	687	DNA-MULE-MuDR	II	1	TIR	Mutator	MuDR
Cluster122	0.110652813852814	0.07983	0	0.73021	0.116275934208076	0.09138	231	DNA-TcMar-Mariner	II	1	TIR	Tc1-Mariner	Mariner
Cluster1230	0.05731359223301	0.03588	0.00054	1.23966	0.131603730882021	0.038045	103	DNA-TcMar-Tc4	II	1	TIR	Tc1-Mariner	Tc4
Cluster1234	0.089532119565217	0.05072	0	1.31184	0.14673465714508	0.090395	368	DNA-TcMar-Tc1	II	1	TIR	Tc1-Mariner	Tc1
Cluster1240	0.122951133333333	0.06581	0.00053	1.18523	0.173817337013193	0.1010125	150	LINE-RTE-RTE	I	Unclassified	LINE	RTE	Unclassified
Cluster1242	0.063917950819672	0.051355	0	0.60664	0.076907943238864	0.069825	610	LINE-RTE-RTE	I	Unclassified	LINE	RTE	Unclassified
Cluster1244	0.047485658263305	0.01485	0	1.51441	0.125035096773656	0.03937	357	LTR-DIRS	I	Unclassified	DIRS	DIRS	Unclassified
Cluster1249	0.097484977678571	0.0304	0	5.99132	0.325564957310866	0.08037	896	DNA-TcMar-Tc1	II	1	TIR	Tc1-Mariner	Tc1
Cluster1250	0.064593802992519	0.022805	0	1.32164	0.130448840803751	0.0525475	802	DNA-TcMar-Tc1	II	1	TIR	Tc1-Mariner	Tc1
Cluster1254	0.041240711902114	0.01329	0	0.88144	0.102884714650059	0.031455	899	DNA-TcMar-Tc1	II	1	TIR	Tc1-Mariner	Tc1
Cluster1255	0.062129037298387	0.03331	0	0.83451	0.097535761917254	0.07346	1984	DNA-hAT	II	1	TIR	hAT	Unclassified
Cluster1258	0.132200658682635	0.10367	0	0.65313	0.121535619510514	0.11666	167	LINE-RTE-RTE	I	Unclassified	LINE	RTE	Unclassified
Cluster1378	0.02461480952381	0.015765	0	0.12958	0.02595753392884	0.03963	210	Unknown	Unclassified	Unclassified	Unclassified	Unclassified	Unclassified
Cluster1381	0.061497899159664	0.05542	0	0.29823	0.053771315604233	0.06521	357	DNA-TcMar-Tc4	II	1	TIR	Tc1-Mariner	Tc4
Cluster1387	0.059249730941704	0.03361	0	0.58631	0.088297562518872	0.072345	223	Simple_repeat	Simple_repeat	Unclassified	Unclassified	Unclassified	Unclassified
Cluster1388	0.037032924528302	0.0105	0	0.61725	0.084760781248477	0.04	212	DNA-TcMar-Tc4	II	1	TIR	Tc1-Mariner	Tc4
Cluster1390	0.036178661971831	0.01786	0	0.69665	0.086745549719103	0.0223525	142	DNA-TcMar-Tc1	II	1	TIR	Tc1-Mariner	Tc1
Cluster1414	0.179904720496894	0.18986	0	0.53204	0.105890774014206	0.13501	161	Unknown	Unclassified	Unclassified	Unclassified	Unclassified	Unclassified
Cluster1417	0.111661773049645	0.08708	0	0.54107	0.101758149854613	0.15819	141	Unknown	Unclassified	Unclassified	Unclassified	Unclassified	Unclassified
Cluster142	0.050050576923077	0.037525	0	0.87195	0.088841721719643	0.0527175	104	DNA-TcMar-Tc1	II	1	TIR	Tc1-Mariner	Tc1
Cluster1438	0.088630911214953	0.037175	0	2.3355	0.172133116632134	0.094325	1284	LINE-RTE-RTE	I	Unclassified	LINE	RTE	Unclassified
Cluster1439	0.157876428571429	0.11474	0	0.74492	0.146710921446955	0.173055	112	LINE-RTE-RTE	I	Unclassified	LINE	RTE	Unclassified
Cluster1443	0.101984252873563	0.029705	0.00053	0.80405	0.167759161593552	0.113025	174	LINE-RTE-RTE	I	Unclassified	LINE	RTE	Unclassified
Cluster1447	0.047417319211103	0.01644	0	1.13053	0.096310196453858	0.05072	1369	LTR-Gypsy	I	Unclassified	LTR	Gypsy	Unclassified
Cluster1448	0.047957372881356	0.02929	0.00053	0.45341	0.077640716358294	0.0420325	118	LTR-Pao	I	Unclassified	LTR	Bel-Pao	Pao
Cluster1449	0.071863643410853	0.04523	0	0.81898	0.125309008654219	0.07076	129	LINE-CR1	I	Unclassified	LINE	Jockey	CR1
Cluster1451	0.067930426561126	0.015025	0	1.92827	0.148458754225977	0.065435	2274	DNA-TcMar-Mariner	II	1	TIR	Tc1-Mariner	Mariner
Cluster1452	0.062463620283019	0.032105	0	1.67445	0.122005922072506	0.0647025	848	LTR-Gypsy	I	Unclassified	LTR	Gypsy	Unclassified
Cluster1455	0.113901900826446	0.07223	0	0.79898	0.146289149872858	0.10087	121	LINE-RTE-RTE	I	Unclassified	LINE	RTE	Unclassified
Cluster1458	0.072533559928444	0.04231	0	5.99304	0.227758995851835	0.08306	1677	LINE-RTE-RTE	I	Unclassified	LINE	RTE	Unclassified
Cluster1460	0.06232569579288	0.03541	0	1.47213	0.118846212815761	0.046735	1236	LINE-RTE-RTE	I	Unclassified	LINE	RTE	Unclassified
Cluster1462	0.071058333333333	0.02168	0.00053	1.07692	0.131469548094605	0.05923	258	DNA-TcMar-Tc1	II	1	TIR	Tc1-Mariner	Tc1
Cluster1468	0.1171246	0.097385	0.00053	0.71997	0.116003667927207	0.0893875	100	LINE-RTE-RTE	I	Unclassified	LINE	RTE	Unclassified
Cluster1469	0.057229271070615	0.02838	0	1.03946	0.119046702310372	0.06106	439	LINE-RTE-RTE	I	Unclassified	LINE	RTE	Unclassified
Cluster1480	0.075557289719626	0.03551	0	0.94944	0.145080057649185	0.08608	107	DNA-TcMar-Tc1	II	1	TIR	Tc1-Mariner	Tc1
Cluster150	0.070644905660377	0.030395	0	0.80298	0.122317303220492	0.0594475	106	DNA-TcMar-Tc1	II	1	TIR	Tc1-Mariner	Tc1
Cluster1541	0.067085248618785	0.03606	0	1.18604	0.143404122823769	0.06717	181	DNA-hAT	II	1	TIR	hAT	Unclassified
Cluster1591	0.050408608695652	0.03357	0	0.51584	0.064015134780966	0.078705	230	Unknown	Unclassified	Unclassified	Unclassified	Unclassified	Unclassified
Cluster1593	0.052591336633663	0.02909	0	0.90036	0.093001299058469	0.0617625	202	DNA-TcMar-Tc1	II	1	TIR	Tc1-Mariner	Tc1
Cluster1594	0.078763202614379	0.05085	0.00052	0.86096	0.114590174711158	0.0643	153	DNA-hAT	II	1	TIR	hAT	Unclassified
Cluster1620	0.072349715302491	0.06375	0	0.76182	0.072373766038758	0.08278	281	Unknown	Unclassified	Unclassified	Unclassified	Unclassified	Unclassified
Cluster1633	0.058134312796209	0.0096	0	0.91308	0.123636595591299	0.053195	211	LTR-Pao	I	Unclassified	LTR	Bel-Pao	Pao
Cluster1635	0.062176904761905	0.026615	0	1.00976	0.134481629624755	0.0560075	168	LINE-RTE-RTE	I	Unclassified	LINE	RTE	Unclassified
Cluster1642	0.070233047337278	0.029645	0	0.92478	0.130253175423992	0.0620925	676	LINE-RTE-RTE	I	Unclassified	LINE	RTE	Unclassified
Cluster1644	0.074167781690141	0.02243	0	0.99386	0.144174302262473	0.06338	284	DNA-TcMar-Tc1	II	1	TIR	Tc1-Mariner	Tc1
Cluster1647	0.052790416666667	0.023485	0	0.8408	0.106045379639581	0.0515625	456	LTR-Gypsy	I	Unclassified	LTR	Gypsy	Unclassified
Cluster1650	0.112494192139738	0.05949	0	1.09582	0.169760486759449	0.11893	229	DNA-TcMar-Tc1	II	1	TIR	Tc1-Mariner	Tc1
Cluster1683	0.049750813084112	0.046915	0	0.3881	0.041416427194137	0.0479475	1070	DNA-TcMar-Tc1	II	1	TIR	Tc1-Mariner	Tc1
Cluster1722	0.175916226415094	0.161345	0.00051	0.53235	0.140222663234843	0.185735	106	Simple_repeat	Simple_repeat	Unclassified	Unclassified	Unclassified	Unclassified
Cluster1744	0.048577142857143	0.03069	0	1.39665	0.109064388027606	0.0465725	294	DNA-TcMar-Tc1	II	1	TIR	Tc1-Mariner	Tc1
Cluster1750	0.053145	0.044465	0	0.50894	0.060073503842207	0.04727	300	DNA-Merlin	II	1	TIR	Merlin	Unclassified
Cluster1752	0.034331746031746	0.01729	0	0.73609	0.064492130964483	0.04245	693	Simple_repeat	Simple_repeat	Unclassified	Unclassified	Unclassified	Unclassified
Cluster1755	0.064642325581395	0.04065	0	0.91662	0.09790896918349	0.06081	301	DNA-hAT	II	1	TIR	hAT	Unclassified
Cluster1774	0.15871038961039	0.15595	0	0.72348	0.11905494575971	0.15103	231	Unknown	Unclassified	Unclassified	Unclassified	Unclassified	Unclassified
Cluster1776	0.168986728971963	0.15826	0.00053	0.68028	0.119112899209394	0.11295	107	LINE-CR1	I	Unclassified	LINE	Jockey	CR1
Cluster1800	0.053573979995348	0.02686	0	1.99382	0.097924086620189	0.0622425	8598	DNA-hAT	II	1	TIR	hAT	Unclassified
Cluster1802	0.075706711409396	0.04366	0	0.52912	0.105469251651094	0.09182	149	LINE-RTE-RTE	I	Unclassified	LINE	RTE	Unclassified
Cluster1803	0.077672887931035	0.021375	0	1.05758	0.149888028033932	0.0636525	232	LINE-RTE-RTE	I	Unclassified	LINE	RTE	Unclassified
Cluster1809	0.109251401869159	0.06807	0.00053	0.78506	0.136354013333001	0.13306	214	LINE-RTE-RTE	I	Unclassified	LINE	RTE	Unclassified
Cluster1810	0.086654473684211	0.042275	0	0.86852	0.117059126565612	0.1182275	152	LTR-Gypsy	I	Unclassified	LTR	Gypsy	Unclassified
Cluster1814	0.042373127572017	0.01048	0	0.55	0.077147732414013	0.039495	243	DNA-TcMar-Mariner	II	1	TIR	Tc1-Mariner	Mariner
Cluster1816	0.094111095890411	0.04224	0	0.96106	0.147036239863873	0.09773	511	DNA-TcMar-Tc1	II	1	TIR	Tc1-Mariner	Tc1
Cluster1820	0.060477505845674	0.02848	0	1.55842	0.114373138949996	0.06558	1283	DNA-TcMar-Tc1	II	1	TIR	Tc1-Mariner	Tc1
Cluster1846	0.094716290322581	0.087345	0	0.49041	0.071641130876619	0.0876975	124	DNA-TcMar-Tc1	II	1	TIR	Tc1-Mariner	Tc1
Cluster1889	0.103462196969697	0.05259	0.00053	1.4627	0.192451699237526	0.062985	132	DNA-TcMar-Tc1	II	1	TIR	Tc1-Mariner	Tc1
Cluster1940	0.018550476190476	0.00055	0	0.32619	0.041764541004876	0.01723	105	Unknown	Unclassified	Unclassified	Unclassified	Unclassified	Unclassified
Cluster1942	0.096404684466019	0.09304	0	0.40669	0.07240561709567	0.09706	412	Unknown	Unclassified	Unclassified	Unclassified	Unclassified	Unclassified
Cluster1944	0.033823131813677	0.02006	0	0.77008	0.057842690756155	0.03315	1009	DNA-TcMar-Tc1	II	1	TIR	Tc1-Mariner	Tc1
Cluster1946	0.014313711340206	0.00928	0	0.51048	0.035531247772171	0.017245	291	LTR-Gypsy	I	Unclassified	LTR	Gypsy	Unclassified
Cluster1958	0.130948738738739	0.12117	0.00054	0.71016	0.102883366047694	0.093625	111	DNA-TcMar-Tc1	II	1	TIR	Tc1-Mariner	Tc1
Cluster1969	0.068485182926829	0.020075	0	0.59303	0.103691150928842	0.0890425	164	Unknown	Unclassified	Unclassified	Unclassified	Unclassified	Unclassified
Cluster1979	0.058907209370856	0.02684	0	5.99167	0.127552248937602	0.068175	6787	Simple_repeat	Simple_repeat	Unclassified	Unclassified	Unclassified	Unclassified
Cluster1989	0.054858685141509	0.03103	0	4.29398	0.146265574509885	0.05347	1696	DNA-TcMar-Tc1	II	1	TIR	Tc1-Mariner	Tc1
Cluster1991	0.080795460526316	0.0333	0	1.77367	0.152198487840787	0.0810175	1216	LINE-RTE-RTE	I	Unclassified	LINE	RTE	Unclassified
Cluster1994	0.086655758064516	0.03775	0	1.82393	0.164534059768239	0.0882725	620	DNA-TcMar-Tc1	II	1	TIR	Tc1-Mariner	Tc1
Cluster1997	0.071327412451362	0.02899	0	1.7321	0.156065208059279	0.071525	514	LTR-Gypsy	I	Unclassified	LTR	Gypsy	Unclassified
Cluster2067	0.0744836900369	0.04897	0.00053	1.10852	0.123002612765233	0.081935	271	DNA-TcMar-Tc1	II	1	TIR	Tc1-Mariner	Tc1
Cluster2109	0.205180442477876	0.11732	0	0.78922	0.207211341696059	0.31261	113	DNA-Maverick	II	2	Maverick	Maverick	Unclassified
Cluster210	0.05837	0.02445	0	1.05604	0.134312791252471	0.030605	135	DNA-TcMar-Tc1	II	1	TIR	Tc1-Mariner	Tc1
Cluster2121	0.079343818181818	0.038725	0	1.2456	0.166459478461966	0.07877	220	Unknown	Unclassified	Unclassified	Unclassified	Unclassified	Unclassified
Cluster2124	0.012075889748549	0.01134	0	0.07822	0.008388070611769	0.00989	1034	Unknown	Unclassified	Unclassified	Unclassified	Unclassified	Unclassified
Cluster2125	0.026417666666667	0.024095	0.00053	0.104	0.021575381303969	0.03192	150	Unknown	Unclassified	Unclassified	Unclassified	Unclassified	Unclassified
Cluster2129	0.011725737704918	0.003875	0	0.24641	0.029091469537727	0.00889	122	RC-Helitron	II	2	Helitron	Helitron	Unclassified
Cluster2130	0.08025664893617	0.07835	0	0.33264	0.045123094018961	0.0583275	188	Unknown	Unclassified	Unclassified	Unclassified	Unclassified	Unclassified
Cluster2142	0.083466587537092	0.04855	0	1.21443	0.122745778737794	0.112075	1011	DNA-hAT	II	1	TIR	hAT	Unclassified
Cluster2143	0.10897801843318	0.06649	0	1.4223	0.144291746145708	0.13297	217	DNA-PiggyBac	II	1	TIR	PiggyBac	Unclassified
Cluster2149	0.176635114503817	0.18676	0	0.71559	0.119448958371132	0.172	131	Unknown	Unclassified	Unclassified	Unclassified	Unclassified	Unclassified
Cluster2160	0.109829471544715	0.047185	0	1.18525	0.170654484403343	0.1199475	492	LINE-RTE-RTE	I	Unclassified	LINE	RTE	Unclassified
Cluster2161	0.074570894274969	0.02782	0	2.906	0.150768276349438	0.07938	2393	DNA-TcMar-Tc1	II	1	TIR	Tc1-Mariner	Tc1
Cluster2169	0.055663252688172	0.028965	0	2.92394	0.131446167754158	0.0532475	1488	DNA-hAT	II	1	TIR	hAT	Unclassified
Cluster2176	0.045234493738819	0.02634	0	3.26079	0.10021174317904	0.05154	5590	LINE-RTE-RTE	I	Unclassified	LINE	RTE	Unclassified
Cluster2180	0.037185619047619	0.01585	0	0.6399	0.075042161740637	0.032465	315	LINE-RTE-RTE	I	Unclassified	LINE	RTE	Unclassified
Cluster2182	0.0763904308094	0.0471	0	0.91328	0.104531468644319	0.1066475	766	LTR-Gypsy	I	Unclassified	LTR	Gypsy	Unclassified
Cluster2187	0.05555426119403	0.02884	0	1.28545	0.10120121305646	0.06349	1340	DNA-TcMar-Tc1	II	1	TIR	Tc1-Mariner	Tc1
Cluster2191	0.124062876254181	0.09617	0	1.28585	0.143601225859007	0.11359	299	LINE-RTE-RTE	I	Unclassified	LINE	RTE	Unclassified
Cluster2192	0.105953426573427	0.06688	0.00053	1.04351	0.145591272991808	0.10705	286	DNA-TcMar-Tc1	II	1	TIR	Tc1-Mariner	Tc1
Cluster2260	0.144666846846847	0.06973	0.00051	0.74287	0.175102858441868	0.141955	111	DNA-TcMar-Tc1	II	1	TIR	Tc1-Mariner	Tc1
Cluster2267	0.052829704142012	0.04311	0.00053	0.51509	0.05582998484372	0.04183	169	DNA-TcMar-Tc1	II	1	TIR	Tc1-Mariner	Tc1
Cluster2298	0.012840323741007	0.00634	0	0.12405	0.01700906962045	0.0206975	278	DNA-MULE-MuDR	II	1	TIR	Mutator	MuDR
Cluster2299	0.023061941747573	0.00055	0	0.73151	0.081114950932736	0.012465	103	DNA-hAT	II	1	TIR	hAT	Unclassified
Cluster2310	0.146619509803922	0.14881	0.00054	0.33264	0.073111433427181	0.0847	102	Unknown	Unclassified	Unclassified	Unclassified	Unclassified	Unclassified
Cluster2313	0.068008149726111	0.04753	0	1.51604	0.102089559271685	0.09136	1643	DNA-hAT	II	1	TIR	hAT	Unclassified
Cluster2314	0.160656730769231	0.12379	0.00054	0.44162	0.114975418541617	0.170785	104	DNA-TcMar-Tc1	II	1	TIR	Tc1-Mariner	Tc1
Cluster2317	0.094256153846154	0.06474	0	0.70488	0.104569287124156	0.13553	299	DNA	II	Unclassified	Unclassified	Unclassified	Unclassified
Cluster2342	0.124398411214953	0.07381	0	0.65376	0.145964495748624	0.12381	107	LINE-RTE-RTE	I	Unclassified	LINE	RTE	Unclassified
Cluster2344	0.068051603375527	0.02869	0	2.26949	0.174366078101027	0.05898	237	LTR-Gypsy	I	Unclassified	LTR	Gypsy	Unclassified
Cluster2347	0.082301420256112	0.04032	0	5.98955	0.228550531779667	0.09556	859	LTR-Pao	I	Unclassified	LTR	Bel-Pao	Pao
Cluster2351	0.063992069614299	0.02793	0	1.2477	0.119418587077643	0.064415	2126	DNA-TcMar-Tc1	II	1	TIR	Tc1-Mariner	Tc1
Cluster2356	0.085388371459695	0.032645	0	5.99128	0.208345090859226	0.0842925	1836	LINE-RTE-RTE	I	Unclassified	LINE	RTE	Unclassified
Cluster2363	0.04115766743649	0.01033	0	0.76372	0.081043863174234	0.04978	433	RC-Helitron	II	2	Helitron	Helitron	Unclassified
Cluster2389	0.045036755852843	0.03208	0	0.94433	0.069164621803479	0.05932	897	DNA-TcMar-Tc1	II	1	TIR	Tc1-Mariner	Tc1
Cluster2476	0.02360875	0.02387	0	0.09852	0.019203966686283	0.0297425	248	DNA-TcMar-Mariner	II	1	TIR	Tc1-Mariner	Mariner
Cluster2477	0.037811575342466	0.03298	0	0.2791	0.035848903692725	0.0413225	584	Unknown	Unclassified	Unclassified	Unclassified	Unclassified	Unclassified
Cluster2478	0.052080176211454	0.03621	0	1.12845	0.09441854675203	0.04447	227	DNA-hAT	II	1	TIR	hAT	Unclassified
Cluster2481	0.142523728813559	0.118465	0.00054	0.82472	0.1326034951119	0.1479275	118	Unknown	Unclassified	Unclassified	Unclassified	Unclassified	Unclassified
Cluster2497	0.156590630105018	0.16283	0	0.89632	0.122527730280482	0.19029	857	DNA-MULE-MuDR	II	1	TIR	Mutator	MuDR
Cluster2498	0.172294162162162	0.170935	0	1.093	0.134645926936629	0.1716475	370	Satellite	Satellite	Unclassified	Unclassified	Unclassified	Unclassified
Cluster2505	0.043760656660413	0.01016	0	1.90367	0.138953575499578	0.03969	533	Simple_repeat	Simple_repeat	Unclassified	Unclassified	Unclassified	Unclassified
Cluster2518	0.061868645833333	0.02796	0	5.9884	0.159121610362744	0.068585	2688	DNA-TcMar-Mariner	II	1	TIR	Tc1-Mariner	Mariner
Cluster2520	0.056860549602489	0.02284	0	1.57671	0.117333154612156	0.05111	2893	LINE-CR1	I	Unclassified	LINE	Jockey	CR1
Cluster2524	0.031495949367089	0.007	0	0.68718	0.074784708072499	0.02762	237	LTR-Pao	I	Unclassified	LTR	Bel-Pao	Pao
Cluster2527	0.042353191489362	0.00907	0	0.87797	0.107968826608657	0.03131	799	DNA-Maverick	II	2	Maverick	Maverick	Unclassified
Cluster2529	0.074703913043478	0.03605	0	0.65712	0.115041771610383	0.09544	115	LINE-CR1	I	Unclassified	LINE	Jockey	CR1
Cluster2559	0.09174893129771	0.07009	0	0.65607	0.102465853751398	0.107655	131	DNA-TcMar-Tc1	II	1	TIR	Tc1-Mariner	Tc1
Cluster2620	0.102419464285714	0.05727	0	0.54373	0.125058714183077	0.147165	168	DNA-TcMar-Tc1	II	1	TIR	Tc1-Mariner	Tc1
Cluster2626	0.022293968253968	0.015935	0.00053	0.19779	0.02771654339588	0.019165	252	Unknown	Unclassified	Unclassified	Unclassified	Unclassified	Unclassified
Cluster2627	0.045087297297297	0.022765	0	0.31241	0.066868460596739	0.044265	148	DNA-hAT-Ac	II	1	TIR	hAT	Ac
Cluster2629	0.067639090909091	0.03847	0	0.62621	0.091704927839399	0.085875	187	Unknown	Unclassified	Unclassified	Unclassified	Unclassified	Unclassified
Cluster2643	0.13625602189781	0.116345	0	0.80604	0.119534864395638	0.1667575	548	DNA-TcMar-Tc1	II	1	TIR	Tc1-Mariner	Tc1
Cluster2656	0.138293642384106	0.12389	0	0.52448	0.126752386352202	0.23477	151	DNA-TcMar-Tc1	II	1	TIR	Tc1-Mariner	Tc1
Cluster2665	0.113313868613139	0.06498	0	0.74647	0.142750417168692	0.13441	137	LINE-RTE-RTE	I	Unclassified	LINE	RTE	Unclassified
Cluster2667	0.081274947368421	0.04857	0	1.493	0.145427732587489	0.0908	380	LINE-RTE-RTE	I	Unclassified	LINE	RTE	Unclassified
Cluster2671	0.064062937984496	0.0373	0	5.991	0.222656021001857	0.0739275	2580	DNA-TcMar-Mariner	II	1	TIR	Tc1-Mariner	Mariner
Cluster2672	0.068976094986807	0.026775	0	1.22171	0.134963245088273	0.06597	758	DNA-TcMar-Tc1	II	1	TIR	Tc1-Mariner	Tc1
Cluster2676	0.065742736486487	0.019965	0	1.00474	0.124447025449923	0.0655125	296	LTR-Pao	I	Unclassified	LTR	Bel-Pao	Pao
Cluster2679	0.055082478723404	0.030405	0	1.25223	0.096636140994172	0.0676425	940	LINE-RTE-RTE	I	Unclassified	LINE	RTE	Unclassified
Cluster2680	0.075058097269625	0.02571	0	5.99342	0.230258582952835	0.078905	1172	DNA-TcMar-Tc1	II	1	TIR	Tc1-Mariner	Tc1
Cluster2704	0.072131810344828	0.069805	0	0.32559	0.054866875991275	0.0441525	116	DNA-TcMar-Tc1	II	1	TIR	Tc1-Mariner	Tc1
Cluster2722	0.079701370468612	0.05113	0	1.1238	0.106944143707138	0.11491	1131	RC-Helitron	II	2	Helitron	Helitron	Unclassified
Cluster2786	0.066481603466956	0.06764	0	0.41801	0.04916522004936	0.06409	923	RC-Helitron	II	2	Helitron	Helitron	Unclassified
Cluster2808	0.083979	0.04091	0	1.39455	0.158583950423205	0.0950925	400	DNA-hAT	II	1	TIR	hAT	Unclassified
Cluster2809	0.11604883666275	0.1095	0	0.75206	0.092285625461188	0.117735	851	DNA	II	Unclassified	Unclassified	Unclassified	Unclassified
Cluster2818	0.119834885057471	0.0996	0	0.96493	0.127622074185271	0.17953	174	DNA-hAT-Ac	II	1	TIR	hAT	Ac
Cluster2829	0.11582865625	0.04254	0	1.49792	0.184338782643778	0.11917	320	DNA-TcMar-Tc1	II	1	TIR	Tc1-Mariner	Tc1
Cluster2830	0.087547023933403	0.0292	0	5.98847	0.240926578808446	0.09424	961	Simple_repeat	Simple_repeat	Unclassified	Unclassified	Unclassified	Unclassified
Cluster2834	0.06055167896679	0.034455	0	0.92736	0.101760076710605	0.06978	542	LINE-RTE-RTE	I	Unclassified	LINE	RTE	Unclassified
Cluster2835	0.110935652173913	0.03445	0	0.70418	0.152425265749564	0.15938	115	LINE-RTE-RTE	I	Unclassified	LINE	RTE	Unclassified
Cluster2837	0.053418844621514	0.01914	0	1.29748	0.127492182341741	0.03779	251	DNA-TcMar-Tc1	II	1	TIR	Tc1-Mariner	Tc1
Cluster2838	0.095398981612447	0.03177	0	1.36635	0.15271190099212	0.106685	707	LINE-RTE-RTE	I	Unclassified	LINE	RTE	Unclassified
Cluster2840	0.052618582677165	0.03246	0.00053	0.48077	0.070387633684853	0.046065	127	LTR-Pao	I	Unclassified	LTR	Bel-Pao	Pao
Cluster2841	0.053012840136054	0.021275	0	1.12833	0.120597184278092	0.0473975	588	LTR-Gypsy	I	Unclassified	LTR	Gypsy	Unclassified
Cluster2843	0.039492279411765	0.021005	0	0.57466	0.074394924818645	0.0308225	408	DNA-TcMar-Tc1	II	1	TIR	Tc1-Mariner	Tc1
Cluster2846	0.074729345892203	0.0213	0	5.98819	0.205839167032033	0.061385	1911	DNA-TcMar-Mariner	II	1	TIR	Tc1-Mariner	Mariner
Cluster2847	0.094085891089109	0.044595	0	0.85535	0.127802128982991	0.10603	202	LINE-RTE-RTE	I	Unclassified	LINE	RTE	Unclassified
Cluster2851	0.060725432835821	0.02531	0	1.31734	0.135082592452061	0.05692	335	LINE-RTE-RTE	I	Unclassified	LINE	RTE	Unclassified
Cluster2852	0.120462524271845	0.06999	0	0.72075	0.141216151083716	0.137535	103	DNA-TcMar-Mariner	II	1	TIR	Tc1-Mariner	Mariner
Cluster2857	0.08345690936107	0.03799	0	1.43589	0.15615102758938	0.08074	673	DNA-TcMar-Tc1	II	1	TIR	Tc1-Mariner	Tc1
Cluster2866	0.060507455782313	0.03521	0	0.90723	0.103821156322755	0.075385	735	DNA-TcMar-Tc1	II	1	TIR	Tc1-Mariner	Tc1
Cluster2933	0.100693248407643	0.0672	0	0.85901	0.120271679858222	0.11846	157	DNA-hAT	II	1	TIR	hAT	Unclassified
Cluster2962	0.101609278350515	0.06004	0.00051	0.826	0.120997615501255	0.164025	194	RC-Helitron	II	2	Helitron	Helitron	Unclassified
Cluster2970	0.117186025641026	0.07995	0	0.67766	0.11032953747563	0.16993	156	Unknown	Unclassified	Unclassified	Unclassified	Unclassified	Unclassified
Cluster2982	0.056873078307831	0.025915	0	0.96067	0.109072296155067	0.045705	2222	DNA-TcMar-Tc1	II	1	TIR	Tc1-Mariner	Tc1
Cluster2985	0.095057074468085	0.037605	0	0.88739	0.150751186245738	0.0828	188	LINE-RTE-RTE	I	Unclassified	LINE	RTE	Unclassified
Cluster2986	0.052753500284576	0.03516	0	2.17341	0.084120962062951	0.07139	3514	LINE-RTE-RTE	I	Unclassified	LINE	RTE	Unclassified
Cluster2995	0.051722817987152	0.02797	0	1.0078	0.084735014371908	0.06568	2335	DNA-TcMar-Tc1	II	1	TIR	Tc1-Mariner	Tc1
Cluster2996	0.040232159090909	0.02979	0.00053	0.4877	0.051329209246011	0.0415475	352	LTR-Gypsy	I	Unclassified	LTR	Gypsy	Unclassified
Cluster2997	0.065289089958159	0.030075	0	1.64813	0.127602070310587	0.05432	956	LINE-RTE-RTE	I	Unclassified	LINE	RTE	Unclassified
Cluster2999	0.085720085784314	0.03546	0	5.98975	0.250260182415115	0.0896375	816	LINE-RTE-RTE	I	Unclassified	LINE	RTE	Unclassified
Cluster3002	0.065191100343858	0.03145	0	1.48214	0.124127656747331	0.06135	3199	DNA-TcMar-Tc1	II	1	TIR	Tc1-Mariner	Tc1
Cluster3003	0.047327003806417	0.02333	0	1.47055	0.094519944890746	0.05279	1839	LINE-RTE-RTE	I	Unclassified	LINE	RTE	Unclassified
Cluster3005	0.035803855421687	0.01251	0	0.74493	0.085246942230869	0.0332525	332	LTR-DIRS	I	Unclassified	DIRS	DIRS	Unclassified
Cluster3006	0.162521554054054	0.14327	0.00054	0.69212	0.124302411766779	0.12791	148	LINE-RTE-RTE	I	Unclassified	LINE	RTE	Unclassified
Cluster3009	0.095195503355705	0.07184	0.00053	0.58953	0.10271949925046	0.08251	149	LINE-RTE-RTE	I	Unclassified	LINE	RTE	Unclassified
Cluster3029	0.078209342105263	0.036755	0	1.77616	0.148597128930233	0.0951575	532	DNA-TcMar-Tc1	II	1	TIR	Tc1-Mariner	Tc1
Cluster3113	0.021409032258065	0.01767	0	0.111	0.021098583484967	0.02917	124	DNA-MuLE-MuDR	II	1	TIR	Mutator	MuDR
Cluster3114	0.062662777777778	0.02762	0	0.62073	0.089490618941716	0.0963025	162	DNA-TcMar-Tc1	II	1	TIR	Tc1-Mariner	Tc1
Cluster3115	0.091841885245902	0.058545	0	0.95004	0.123762475923964	0.0925975	122	DNA	II	Unclassified	Unclassified	Unclassified	Unclassified
Cluster3116	0.04170280952381	0.037435	0	0.1891	0.030912831516312	0.031975	210	Unknown	Unclassified	Unclassified	Unclassified	Unclassified	Unclassified
Cluster3132	0.148081176470588	0.15823	0.00053	0.53717	0.079986924231845	0.09457	187	LINE-RTE-RTE	I	Unclassified	LINE	RTE	Unclassified
Cluster3133	0.1613517	0.16137	0	0.68272	0.119742519059932	0.16455	100	Unknown	Unclassified	Unclassified	Unclassified	Unclassified	Unclassified
Cluster3134	0.121113333333333	0.10612	0	0.42032	0.103805929315507	0.175645	102	Unknown	Unclassified	Unclassified	Unclassified	Unclassified	Unclassified
Cluster3141	0.130459810874704	0.12813	0	0.56471	0.10385521531815	0.13849	423	Unknown	Unclassified	Unclassified	Unclassified	Unclassified	Unclassified
Cluster3149	0.03999023255814	0.01228	0	1.50933	0.1346707173867	0.026255	387	LTR-Gypsy	I	Unclassified	LTR	Gypsy	Unclassified
Cluster3164	0.065383770491803	0.02357	0	0.62364	0.11588850112909	0.04772	183	DNA-TcMar-Mariner	II	1	TIR	Tc1-Mariner	Mariner
Cluster3165	0.114540236966825	0.079445	0	1.11836	0.14925746783321	0.128305	422	DNA-TcMar-Tc1	II	1	TIR	Tc1-Mariner	Tc1
Cluster317	0.090699517241379	0.08468	0	0.54106	0.089702460028597	0.08149	145	DNA-TcMar-Tc1	II	1	TIR	Tc1-Mariner	Tc1
Cluster3217	0.043244024390244	0.02357	0	1.09872	0.111283789402163	0.0286925	164	DNA-TcMar-Tc1	II	1	TIR	Tc1-Mariner	Tc1
Cluster37	0.034460928319624	0.03309	0	0.18608	0.024992594243487	0.027635	851	Unknown	Unclassified	Unclassified	Unclassified	Unclassified	Unclassified
Cluster479	0.044151707988981	0.04252	0	0.21319	0.035628035307004	0.04948	363	Unknown	Unclassified	Unclassified	Unclassified	Unclassified	Unclassified
Cluster480	0.024721595744681	0.02068	0	0.12534	0.023172938471535	0.030075	470	Unknown	Unclassified	Unclassified	Unclassified	Unclassified	Unclassified
Cluster481	0.027672111553785	0.02578	0	0.36453	0.027608733587825	0.01713	251	DNA-Sola-3	II	1	TIR	Sola	Sola3
Cluster483	0.089847708333333	0.05116	0	0.69692	0.11508282344149	0.12984	192	Unknown	Unclassified	Unclassified	Unclassified	Unclassified	Unclassified
Cluster485	0.071699454277286	0.05273	0	1.14399	0.093067864997917	0.085185	678	DNA-TcMar-Tc4	II	1	TIR	Tc1-Mariner	Tc4
Cluster488	0.036267967032967	0.015005	0.0005	0.98003	0.107822778027604	0.0257425	182	DNA-TcMar-Tc4	II	1	TIR	Tc1-Mariner	Tc4
Cluster489	0.117425574712644	0.065695	0	0.79982	0.147393699336176	0.155335	174	DNA-TcMar-Tc2	II	1	TIR	Tc1-Mariner	Tc2
Cluster491	0.056987278106509	0.06276	0	0.18819	0.043150554570832	0.07973	507	DNA-TcMar-Mariner	II	1	TIR	Tc1-Mariner	Mariner
Cluster511	0.0437006	0.003215	0	0.25491	0.065066788838373	0.0743325	100	Unknown	Unclassified	Unclassified	Unclassified	Unclassified	Unclassified
Cluster514	0.041467175141243	0.01689	0	0.66601	0.076789263904961	0.04348	177	DNA-PIF-Harbinger	II	1	TIR	PIF-Harbinger	Unclassified
Cluster524	0.125260350877193	0.111285	0.00053	0.5619	0.105346100582036	0.11007	114	LINE-RTE-RTE	I	Unclassified	LINE	RTE	Unclassified
Cluster525	0.071380884773663	0.02524	0	3.61666	0.175068404401861	0.06416	972	DNA-TcMar-Mariner	II	1	TIR	Tc1-Mariner	Mariner
Cluster527	0.052543607287449	0.03749	0	0.93718	0.072215954441416	0.0604425	2470	LINE-RTE-RTE	I	Unclassified	LINE	RTE	Unclassified
Cluster528	0.074724172779136	0.02738	0	1.58765	0.147926032956654	0.070245	1227	LINE-CR1	I	Unclassified	LINE	Jockey	CR1
Cluster540	0.070870691823899	0.022885	0	0.82664	0.131505525645235	0.0641025	318	DNA-TcMar-Mariner	II	1	TIR	Tc1-Mariner	Mariner
Cluster542	0.070399035916824	0.026725	0	3.63415	0.178546703730625	0.0625775	1058	DNA	II	Unclassified	Unclassified	Unclassified	Unclassified
Cluster543	0.064275067024129	0.03757	0	0.93505	0.096766388721331	0.0809	1865	LINE-RTE-RTE	I	Unclassified	LINE	RTE	Unclassified
Cluster54	0.030121764705882	0.02838	0.0005	0.1707	0.028534827238017	0.039645	119	Unknown	Unclassified	Unclassified	Unclassified	Unclassified	Unclassified
Cluster600	0.061394962121212	0.057155	0	0.42808	0.05282649647702	0.0587025	264	Unknown	Unclassified	Unclassified	Unclassified	Unclassified	Unclassified
Cluster601	0.068627027027027	0.04129	0	0.97014	0.100047846607984	0.0913	259	LTR-Pao	I	Unclassified	LTR	Bel-Pao	Pao
Cluster69	0.030524928366762	0.019575	0	0.34748	0.039121337161458	0.045265	698	Unknown	Unclassified	Unclassified	Unclassified	Unclassified	Unclassified
Cluster717	0.027207238095238	0.0094	0.00053	0.4039	0.053205016653566	0.02557	105	Simple_repeat	Simple_repeat	Unclassified	Unclassified	Unclassified	Unclassified
Cluster720	0.119109090909091	0.11322	0	0.61253	0.095422326712656	0.1233	231	Simple_repeat	Simple_repeat	Unclassified	Unclassified	Unclassified	Unclassified
Cluster722	0.033774842105263	0.01739	0	0.54992	0.054669207883012	0.03358	285	DNA-TcMar-Tc2	II	1	TIR	Tc1-Mariner	Tc2
Cluster724	0.052191830985916	0.02645	0.0005	0.48668	0.079302157117688	0.05026	213	Unknown	Unclassified	Unclassified	Unclassified	Unclassified	Unclassified
Cluster725	0.04400858490566	0.00122	0	0.24007	0.058871035475677	0.0722275	106	DNA-hAT	II	1	TIR	hAT	Unclassified
Cluster726	0.036459448818898	0.02287	0.00054	0.61128	0.058224567243099	0.04657	127	DNA-TcMar-Tc2	II	1	TIR	Tc1-Mariner	Tc2
Cluster727	0.020091967213115	0.007995	0	0.48514	0.062191184762905	0.0163975	122	DNA-hAT	II	1	TIR	hAT	Unclassified
Cluster729	0.024453213367609	0.0214	0	0.29741	0.023933349833136	0.02263	389	DNA	II	Unclassified	Unclassified	Unclassified	Unclassified
Cluster731	0.088515321637427	0.09437	0	0.29047	0.048350603746903	0.054685	171	DNA-TcMar-Mariner	II	1	TIR	Tc1-Mariner	Mariner
Cluster738	0.086593736263736	0.069365	0	0.94431	0.102524924097028	0.09192	182	DNA-TcMar-Tc1	II	1	TIR	Tc1-Mariner	Tc1
Cluster757	0.195828439716312	0.20088	0	0.45671	0.10129438026496	0.12859	141	Unknown	Unclassified	Unclassified	Unclassified	Unclassified	Unclassified
Cluster758	0.198290977011494	0.20274	0.00053	0.5279	0.147417737376679	0.251965	174	DNA	II	Unclassified	Unclassified	Unclassified	Unclassified
Cluster774	0.04473868852459	0.00055	0	0.33117	0.071746509909655	0.066215	122	Unknown	Unclassified	Unclassified	Unclassified	Unclassified	Unclassified
Cluster789	0.055511421446384	0.02239	0	2.16635	0.147891700787179	0.04354	401	LTR-Pao	I	Unclassified	LTR	Bel-Pao	Pao
Cluster793	0.075856714864083	0.04225	0	1.31209	0.120799034950089	0.09425	1729	LINE-RTE-RTE	I	Unclassified	LINE	RTE	Unclassified
Cluster794	0.065700693181818	0.027035	0	5.07346	0.183798385930915	0.06438	1760	DNA-TcMar-Mariner	II	1	TIR	Tc1-Mariner	Mariner
Cluster795	0.107101634615385	0.063745	0.00054	0.81305	0.144234903900295	0.11348	104	LINE-RTE-RTE	I	Unclassified	LINE	RTE	Unclassified
Cluster798	0.080114512195122	0.026	0	0.79874	0.140456987133891	0.0791325	164	LINE-RTE-RTE	I	Unclassified	LINE	RTE	Unclassified
Cluster800	0.089300888157895	0.034235	0	0.6469	0.126319781889332	0.1103775	304	DNA-TcMar-Tc1	II	1	TIR	Tc1-Mariner	Tc1
Cluster805	0.097104848484849	0.05001	0	0.91237	0.148830558051432	0.0892725	132	LINE-RTE-RTE	I	Unclassified	LINE	RTE	Unclassified
Cluster806	0.121459099099099	0.06639	0.00053	0.77853	0.1551632268264	0.145625	111	LINE-RTE-RTE	I	Unclassified	LINE	RTE	Unclassified
Cluster80	0.193213488372093	0.1896	0.0005	0.9196	0.155706528687841	0.15216	129	DNA-TcMar-Tc1	II	1	TIR	Tc1-Mariner	Tc1
Cluster811	0.1157014	0.085295	0	0.58486	0.118211797621938	0.0991475	100	LINE-RTE-RTE	I	Unclassified	LINE	RTE	Unclassified
Cluster812	0.113140675675676	0.063585	0	0.9003	0.147206015624879	0.12256	296	DNA-TcMar-Tc1	II	1	TIR	Tc1-Mariner	Tc1
Cluster813	0.066622957497048	0.03313	0	1.94693	0.128184484421772	0.0777725	1694	DNA-TcMar-Tc1	II	1	TIR	Tc1-Mariner	Tc1
Cluster816	0.062066354166667	0.03884	0.00051	0.61663	0.079475910547278	0.08097	192	Satellite	Satellite	Unclassified	Unclassified	Unclassified	Unclassified
Cluster856	0.083639905956113	0.04292	0	1.10849	0.129771426377609	0.116585	319	DNA-TcMar-Tc1	II	1	TIR	Tc1-Mariner	Tc1
Cluster929	0.062804593023256	0.029145	0	0.81045	0.096824636305745	0.06475	172	DNA-TcMar-Tc1	II	1	TIR	Tc1-Mariner	Tc1
Cluster938	0.036919682539683	0.031085	0	0.17816	0.026921696140816	0.0254525	126	DNA-TcMar-Tc1	II	1	TIR	Tc1-Mariner	Tc1
Cluster961	0.05580054313099	0.04594	0	0.56597	0.064177519843242	0.05889	313	DNA-TcMar-Tc1	II	1	TIR	Tc1-Mariner	Tc1
Cluster967	0.0396005	0.029475	0.00054	0.28145	0.048443534640728	0.031095	120	DNA-TcMar-Tc4	II	1	TIR	Tc1-Mariner	Tc4
Cluster975	0.037334558823529	0.01811	0	0.45592	0.054742467026069	0.0466125	136	LINE-CR1	I	Unclassified	LINE	Jockey	CR1
Cluster992	0.081121313868613	0.082785	0	0.31635	0.059859071946014	0.10263	274	DNA-TcMar-Mariner	II	1	TIR	Tc1-Mariner	Mariner
Cluster99	0.05179540356564	0.02892	0	5.99318	0.13329650530502	0.06816	3085	LINE-RTE-RTE	I	Unclassified	LINE	RTE	Unclassified
Cluster9	0.072553883928571	0.077775	0	0.42454	0.045411922592498	0.0495475	224	DNA-TcMar-Mariner	II	1	TIR	Tc1-Mariner	Mariner
